2025-07-02 21:36:29,998 [INFO] UtilMem:75 - End SaveConfig() Used Memory: 301795088 Bytes (597688320)
2025-07-02 21:36:33,762 [INFO] UtilMem:75 - End SaveConfig() Used Memory: 368381712 Bytes (597688320)
2025-07-02 21:36:36,966 [INFO] BlockDiagram:2775 - set Specific Code input for plugin: RTC
2025-07-02 21:36:36,966 [INFO] BlockDiagram:2775 - set Specific Code input for plugin: SPI
2025-07-02 21:36:36,966 [INFO] BlockDiagram:2775 - set Specific Code input for plugin: NVIC
2025-07-02 21:36:36,966 [INFO] BlockDiagram:2775 - set Specific Code input for plugin: USART
2025-07-02 21:36:36,966 [INFO] BlockDiagram:2775 - set Specific Code input for plugin: FREERTOS
2025-07-02 21:36:36,966 [INFO] BlockDiagram:2775 - set Specific Code input for plugin: USART
2025-07-02 21:36:36,966 [INFO] BlockDiagram:2775 - set Specific Code input for plugin: TIM1_8
2025-07-02 21:36:36,967 [INFO] BlockDiagram:2775 - set Specific Code input for plugin: TIM1_8
2025-07-02 21:36:36,967 [INFO] BlockDiagram:2775 - set Specific Code input for plugin: TIM1_8
2025-07-02 21:36:36,967 [INFO] BlockDiagram:2775 - set Specific Code input for plugin: TIM1_8
2025-07-02 21:36:36,967 [INFO] BlockDiagram:2775 - set Specific Code input for plugin: SYS
2025-07-02 21:36:36,967 [INFO] BlockDiagram:2775 - set Specific Code input for plugin: GPIO
2025-07-02 21:36:36,968 [INFO] BlockDiagram:2775 - set Specific Code input for plugin: ADC
2025-07-02 21:36:36,968 [INFO] BlockDiagram:2775 - set Specific Code input for plugin: RCC
2025-07-02 21:36:36,968 [INFO] BlockDiagram:2775 - set Specific Code input for plugin: I2C
2025-07-02 21:36:36,969 [INFO] CodeGenerator:882 - code generatio: config db path: C:\Program Files\STMicroelectronics\STM32Cube\STM32CubeIDE_1.18.0\STM32CubeIDE\..\..\..\..\..\Users\jesfi\.eclipse\com.st.stm32cube.ide.mcu.rcp.product_1.18.0_2086139113_win32_win32_x86_64\plugins\com.st.stm32cube.common.mx_6.14.1.202504091515\\db\
2025-07-02 21:36:36,983 [WARN] IP:2250 - I2C_Coeff_DF not found: check if there is a RefParameter without a condition.
2025-07-02 21:36:36,983 [WARN] IP:2250 - Analog_Filter not found: check if there is a RefParameter without a condition.
2025-07-02 21:36:37,140 [INFO] CodeEngine:263 - oldGeneratedFile, C:\Users\jesfi\Desktop\STM-Projets\Projeto-ENGD33\Projeto-ENGD33\MXTmpFiles\license.tmp_save
2025-07-02 21:36:37,440 [INFO] CodeEngine:287 - Generated code: C:\Users\jesfi\Desktop\STM-Projets\Projeto-ENGD33\Projeto-ENGD33\MXTmpFiles\license.tmp
2025-07-02 21:36:37,517 [INFO] CodeEngine:263 - oldGeneratedFile, C:\Users\jesfi\Desktop\STM-Projets\Projeto-ENGD33\Projeto-ENGD33\MXTmpFiles\gpio.tmp_save
2025-07-02 21:36:37,639 [INFO] CodeEngine:287 - Generated code: C:\Users\jesfi\Desktop\STM-Projets\Projeto-ENGD33\Projeto-ENGD33\MXTmpFiles\gpio.tmp
2025-07-02 21:36:38,093 [INFO] Middleware:1452 - No code input for Bsp Dependency
2025-07-02 21:36:38,102 [INFO] CodeEngine:263 - oldGeneratedFile, C:\Users\jesfi\Desktop\STM-Projets\Projeto-ENGD33\Projeto-ENGD33\MXTmpFiles\rtos_inc.tmp_save
2025-07-02 21:36:38,171 [INFO] CodeEngine:287 - Generated code: C:\Users\jesfi\Desktop\STM-Projets\Projeto-ENGD33\Projeto-ENGD33\MXTmpFiles\rtos_inc.tmp
2025-07-02 21:36:38,177 [INFO] CodeEngine:263 - oldGeneratedFile, C:\Users\jesfi\Desktop\STM-Projets\Projeto-ENGD33\Projeto-ENGD33\MXTmpFiles\rtos_kernelInit.tmp_save
2025-07-02 21:36:38,245 [INFO] CodeEngine:287 - Generated code: C:\Users\jesfi\Desktop\STM-Projets\Projeto-ENGD33\Projeto-ENGD33\MXTmpFiles\rtos_kernelInit.tmp
2025-07-02 21:36:38,252 [INFO] CodeEngine:263 - oldGeneratedFile, C:\Users\jesfi\Desktop\STM-Projets\Projeto-ENGD33\Projeto-ENGD33\MXTmpFiles\rtos_kernelStart.tmp_save
2025-07-02 21:36:38,316 [INFO] CodeEngine:287 - Generated code: C:\Users\jesfi\Desktop\STM-Projets\Projeto-ENGD33\Projeto-ENGD33\MXTmpFiles\rtos_kernelStart.tmp
2025-07-02 21:36:38,323 [INFO] CodeEngine:263 - oldGeneratedFile, C:\Users\jesfi\Desktop\STM-Projets\Projeto-ENGD33\Projeto-ENGD33\MXTmpFiles\rtos_typedefs.tmp_save
2025-07-02 21:36:38,394 [INFO] CodeEngine:287 - Generated code: C:\Users\jesfi\Desktop\STM-Projets\Projeto-ENGD33\Projeto-ENGD33\MXTmpFiles\rtos_typedefs.tmp
2025-07-02 21:36:38,402 [INFO] CodeEngine:263 - oldGeneratedFile, C:\Users\jesfi\Desktop\STM-Projets\Projeto-ENGD33\Projeto-ENGD33\MXTmpFiles\rtos_vars.tmp_save
2025-07-02 21:36:38,483 [INFO] CodeEngine:287 - Generated code: C:\Users\jesfi\Desktop\STM-Projets\Projeto-ENGD33\Projeto-ENGD33\MXTmpFiles\rtos_vars.tmp
2025-07-02 21:36:38,490 [INFO] CodeEngine:263 - oldGeneratedFile, C:\Users\jesfi\Desktop\STM-Projets\Projeto-ENGD33\Projeto-ENGD33\MXTmpFiles\rtos_pfp.tmp_save
2025-07-02 21:36:38,560 [INFO] CodeEngine:287 - Generated code: C:\Users\jesfi\Desktop\STM-Projets\Projeto-ENGD33\Projeto-ENGD33\MXTmpFiles\rtos_pfp.tmp
2025-07-02 21:36:38,567 [INFO] CodeEngine:263 - oldGeneratedFile, C:\Users\jesfi\Desktop\STM-Projets\Projeto-ENGD33\Projeto-ENGD33\MXTmpFiles\rtos_obj_creat.tmp_save
2025-07-02 21:36:38,625 [INFO] CodeEngine:287 - Generated code: C:\Users\jesfi\Desktop\STM-Projets\Projeto-ENGD33\Projeto-ENGD33\MXTmpFiles\rtos_obj_creat.tmp
2025-07-02 21:36:38,633 [INFO] CodeEngine:263 - oldGeneratedFile, C:\Users\jesfi\Desktop\STM-Projets\Projeto-ENGD33\Projeto-ENGD33\MXTmpFiles\rtos_default_thread.tmp_save
2025-07-02 21:36:38,697 [INFO] CodeEngine:287 - Generated code: C:\Users\jesfi\Desktop\STM-Projets\Projeto-ENGD33\Projeto-ENGD33\MXTmpFiles\rtos_default_thread.tmp
2025-07-02 21:36:38,704 [INFO] CodeEngine:263 - oldGeneratedFile, C:\Users\jesfi\Desktop\STM-Projets\Projeto-ENGD33\Projeto-ENGD33\MXTmpFiles\rtos_threads.tmp_save
2025-07-02 21:36:38,760 [INFO] CodeEngine:287 - Generated code: C:\Users\jesfi\Desktop\STM-Projets\Projeto-ENGD33\Projeto-ENGD33\MXTmpFiles\rtos_threads.tmp
2025-07-02 21:36:38,804 [INFO] Middleware:1452 - No code input for Bsp Dependency
2025-07-02 21:36:38,816 [INFO] CodeEngine:263 - oldGeneratedFile, C:\Users\jesfi\Desktop\STM-Projets\Projeto-ENGD33\Projeto-ENGD33\MXTmpFiles\rtos_inc.tmp_save
2025-07-02 21:36:38,870 [INFO] CodeEngine:287 - Generated code: C:\Users\jesfi\Desktop\STM-Projets\Projeto-ENGD33\Projeto-ENGD33\MXTmpFiles\rtos_inc.tmp
2025-07-02 21:36:38,879 [INFO] CodeEngine:263 - oldGeneratedFile, C:\Users\jesfi\Desktop\STM-Projets\Projeto-ENGD33\Projeto-ENGD33\MXTmpFiles\rtos_kernelInit.tmp_save
2025-07-02 21:36:38,933 [INFO] CodeEngine:287 - Generated code: C:\Users\jesfi\Desktop\STM-Projets\Projeto-ENGD33\Projeto-ENGD33\MXTmpFiles\rtos_kernelInit.tmp
2025-07-02 21:36:38,940 [INFO] CodeEngine:263 - oldGeneratedFile, C:\Users\jesfi\Desktop\STM-Projets\Projeto-ENGD33\Projeto-ENGD33\MXTmpFiles\rtos_kernelStart.tmp_save
2025-07-02 21:36:38,993 [INFO] CodeEngine:287 - Generated code: C:\Users\jesfi\Desktop\STM-Projets\Projeto-ENGD33\Projeto-ENGD33\MXTmpFiles\rtos_kernelStart.tmp
2025-07-02 21:36:39,000 [INFO] CodeEngine:263 - oldGeneratedFile, C:\Users\jesfi\Desktop\STM-Projets\Projeto-ENGD33\Projeto-ENGD33\MXTmpFiles\rtos_typedefs.tmp_save
2025-07-02 21:36:39,054 [INFO] CodeEngine:287 - Generated code: C:\Users\jesfi\Desktop\STM-Projets\Projeto-ENGD33\Projeto-ENGD33\MXTmpFiles\rtos_typedefs.tmp
2025-07-02 21:36:39,062 [INFO] CodeEngine:263 - oldGeneratedFile, C:\Users\jesfi\Desktop\STM-Projets\Projeto-ENGD33\Projeto-ENGD33\MXTmpFiles\rtos_vars.tmp_save
2025-07-02 21:36:39,113 [INFO] CodeEngine:287 - Generated code: C:\Users\jesfi\Desktop\STM-Projets\Projeto-ENGD33\Projeto-ENGD33\MXTmpFiles\rtos_vars.tmp
2025-07-02 21:36:39,121 [INFO] CodeEngine:263 - oldGeneratedFile, C:\Users\jesfi\Desktop\STM-Projets\Projeto-ENGD33\Projeto-ENGD33\MXTmpFiles\rtos_pfp.tmp_save
2025-07-02 21:36:39,169 [INFO] CodeEngine:287 - Generated code: C:\Users\jesfi\Desktop\STM-Projets\Projeto-ENGD33\Projeto-ENGD33\MXTmpFiles\rtos_pfp.tmp
2025-07-02 21:36:39,176 [INFO] CodeEngine:263 - oldGeneratedFile, C:\Users\jesfi\Desktop\STM-Projets\Projeto-ENGD33\Projeto-ENGD33\MXTmpFiles\rtos_obj_creat.tmp_save
2025-07-02 21:36:39,227 [INFO] CodeEngine:287 - Generated code: C:\Users\jesfi\Desktop\STM-Projets\Projeto-ENGD33\Projeto-ENGD33\MXTmpFiles\rtos_obj_creat.tmp
2025-07-02 21:36:39,234 [INFO] CodeEngine:263 - oldGeneratedFile, C:\Users\jesfi\Desktop\STM-Projets\Projeto-ENGD33\Projeto-ENGD33\MXTmpFiles\rtos_default_thread.tmp_save
2025-07-02 21:36:39,282 [INFO] CodeEngine:287 - Generated code: C:\Users\jesfi\Desktop\STM-Projets\Projeto-ENGD33\Projeto-ENGD33\MXTmpFiles\rtos_default_thread.tmp
2025-07-02 21:36:39,288 [INFO] CodeEngine:263 - oldGeneratedFile, C:\Users\jesfi\Desktop\STM-Projets\Projeto-ENGD33\Projeto-ENGD33\MXTmpFiles\rtos_threads.tmp_save
2025-07-02 21:36:39,336 [INFO] CodeEngine:287 - Generated code: C:\Users\jesfi\Desktop\STM-Projets\Projeto-ENGD33\Projeto-ENGD33\MXTmpFiles\rtos_threads.tmp
2025-07-02 21:36:39,344 [INFO] CodeEngine:263 - oldGeneratedFile, C:\Users\jesfi\Desktop\STM-Projets\Projeto-ENGD33\Projeto-ENGD33\Core\Inc\FreeRTOSConfig.h_save
2025-07-02 21:36:39,409 [INFO] CodeEngine:287 - Generated code: C:\Users\jesfi\Desktop\STM-Projets\Projeto-ENGD33\Projeto-ENGD33\Core\Inc\FreeRTOSConfig.h
2025-07-02 21:36:39,418 [INFO] CodeEngine:263 - oldGeneratedFile, C:\Users\jesfi\Desktop\STM-Projets\Projeto-ENGD33\Projeto-ENGD33\Core\Src\freertos.c_save
2025-07-02 21:36:39,473 [INFO] CodeEngine:287 - Generated code: C:\Users\jesfi\Desktop\STM-Projets\Projeto-ENGD33\Projeto-ENGD33\Core\Src\freertos.c
2025-07-02 21:36:39,496 [INFO] CodeEngine:263 - oldGeneratedFile, C:\Users\jesfi\Desktop\STM-Projets\Projeto-ENGD33\Projeto-ENGD33\Core\Src\stm32f4xx_it.c_save
2025-07-02 21:36:39,598 [INFO] CodeEngine:287 - Generated code: C:\Users\jesfi\Desktop\STM-Projets\Projeto-ENGD33\Projeto-ENGD33\Core\Src\stm32f4xx_it.c
2025-07-02 21:36:39,606 [INFO] CodeEngine:263 - oldGeneratedFile, C:\Users\jesfi\Desktop\STM-Projets\Projeto-ENGD33\Projeto-ENGD33\Core\Inc\stm32f4xx_it.h_save
2025-07-02 21:36:39,669 [INFO] CodeEngine:287 - Generated code: C:\Users\jesfi\Desktop\STM-Projets\Projeto-ENGD33\Projeto-ENGD33\Core\Inc\stm32f4xx_it.h
2025-07-02 21:36:39,690 [INFO] CodeEngine:263 - oldGeneratedFile, C:\Users\jesfi\Desktop\STM-Projets\Projeto-ENGD33\Projeto-ENGD33\Core\Src\stm32f4xx_hal_msp.c_save
2025-07-02 21:36:39,857 [INFO] CodeEngine:287 - Generated code: C:\Users\jesfi\Desktop\STM-Projets\Projeto-ENGD33\Projeto-ENGD33\Core\Src\stm32f4xx_hal_msp.c
2025-07-02 21:36:39,865 [INFO] CodeEngine:263 - oldGeneratedFile, C:\Users\jesfi\Desktop\STM-Projets\Projeto-ENGD33\Projeto-ENGD33\MXTmpFiles\system.tmp_save
2025-07-02 21:36:39,913 [INFO] CodeEngine:287 - Generated code: C:\Users\jesfi\Desktop\STM-Projets\Projeto-ENGD33\Projeto-ENGD33\MXTmpFiles\system.tmp
2025-07-02 21:36:39,926 [INFO] CodeEngine:319 - oldGeneratedFile, C:\Users\jesfi\Desktop\STM-Projets\Projeto-ENGD33\Projeto-ENGD33\Core\Inc\stm32f4xx_hal_conf.h_save
2025-07-02 21:36:39,986 [INFO] CodeEngine:343 - Generated code: C:\Users\jesfi\Desktop\STM-Projets\Projeto-ENGD33\Projeto-ENGD33\Core\Inc\stm32f4xx_hal_conf.h
2025-07-02 21:36:40,015 [INFO] ApiDbMcu:508 - Load IP Config File for ADC1
2025-07-02 21:36:40,019 [INFO] ApiDbMcu:508 - Load IP Config File for I2C1
2025-07-02 21:36:40,023 [INFO] ApiDbMcu:508 - Load IP Config File for RTC
2025-07-02 21:36:40,026 [INFO] ApiDbMcu:508 - Load IP Config File for SPI1
2025-07-02 21:36:40,033 [INFO] ApiDbMcu:508 - Load IP Config File for TIM1
2025-07-02 21:36:40,040 [INFO] ApiDbMcu:508 - Load IP Config File for TIM3
2025-07-02 21:36:40,048 [INFO] ApiDbMcu:508 - Load IP Config File for TIM4
2025-07-02 21:36:40,055 [INFO] ApiDbMcu:508 - Load IP Config File for TIM5
2025-07-02 21:36:40,058 [INFO] ApiDbMcu:508 - Load IP Config File for USART2
2025-07-02 21:36:40,061 [INFO] ApiDbMcu:508 - Load IP Config File for USART6
2025-07-02 21:36:40,064 [INFO] ApiDbMcu:508 - Load IP Config File for RCC
2025-07-02 21:36:40,066 [WARN] IPConfigManager:3790 - IP not found : TIM
2025-07-02 21:36:40,069 [WARN] CodeGenerator:4198 - IP not found : null
2025-07-02 21:36:40,078 [INFO] CodeEngine:263 - oldGeneratedFile, C:\Users\jesfi\Desktop\STM-Projets\Projeto-ENGD33\Projeto-ENGD33\Core\Inc\main.h_save
2025-07-02 21:36:40,149 [INFO] CodeEngine:287 - Generated code: C:\Users\jesfi\Desktop\STM-Projets\Projeto-ENGD33\Projeto-ENGD33\Core\Inc\main.h
2025-07-02 21:36:40,158 [INFO] CodeEngine:263 - oldGeneratedFile, C:\Users\jesfi\Desktop\STM-Projets\Projeto-ENGD33\Projeto-ENGD33\Core\Src\main.c_save
2025-07-02 21:36:40,353 [INFO] CodeEngine:287 - Generated code: C:\Users\jesfi\Desktop\STM-Projets\Projeto-ENGD33\Projeto-ENGD33\Core\Src\main.c
2025-07-02 21:36:41,047 [INFO] ProjectBuilder:3324 - Time for Copy HAL[1] : 440mS.
2025-07-02 21:36:41,057 [INFO] ProjectBuilder:4912 - Project Generator version: 4.6.0.1-B1
2025-07-02 21:36:41,167 [INFO] ConfigFileManager:1590 - The Die is : DIE431
2025-07-02 21:36:41,176 [INFO] ApiDbMcu:508 - Load IP Config File for FATFS
2025-07-02 21:36:41,179 [INFO] ApiDbMcu:508 - Load IP Config File for LIBJPEG
2025-07-02 21:36:41,190 [INFO] ApiDbMcu:508 - Load IP Config File for MBEDTLS
2025-07-02 21:36:41,198 [INFO] ApiDbMcu:508 - Load IP Config File for USB_DEVICE
2025-07-02 21:36:41,203 [INFO] ApiDbMcu:508 - Load IP Config File for USB_HOST
2025-07-02 21:36:41,680 [INFO] LogOutputStream:77 - [STDOUT_REDIRECT] 
2025-07-02 21:36:42,838 [INFO] ProjectBuilder:5191 - Time for Generating toolchain IDE Files: 1779mS.
2025-07-02 21:36:42,839 [INFO] ProjectBuilder:3181 - Time for Copy CMSIS : 1mS.
2025-07-02 21:36:42,846 [INFO] ProjectBuilder:3181 - Time for Copy CMSIS : 1mS.
2025-07-02 21:38:48,677 [INFO] UtilMem:75 - End SaveConfig() Used Memory: 463128632 Bytes (620756992)
2025-07-02 21:38:50,435 [INFO] BlockDiagram:2775 - set Specific Code input for plugin: RTC
2025-07-02 21:38:50,435 [INFO] BlockDiagram:2775 - set Specific Code input for plugin: SPI
2025-07-02 21:38:50,435 [INFO] BlockDiagram:2775 - set Specific Code input for plugin: NVIC
2025-07-02 21:38:50,435 [INFO] BlockDiagram:2775 - set Specific Code input for plugin: USART
2025-07-02 21:38:50,435 [INFO] BlockDiagram:2775 - set Specific Code input for plugin: FREERTOS
2025-07-02 21:38:50,435 [INFO] BlockDiagram:2775 - set Specific Code input for plugin: USART
2025-07-02 21:38:50,435 [INFO] BlockDiagram:2775 - set Specific Code input for plugin: TIM1_8
2025-07-02 21:38:50,435 [INFO] BlockDiagram:2775 - set Specific Code input for plugin: TIM1_8
2025-07-02 21:38:50,435 [INFO] BlockDiagram:2775 - set Specific Code input for plugin: TIM1_8
2025-07-02 21:38:50,435 [INFO] BlockDiagram:2775 - set Specific Code input for plugin: TIM1_8
2025-07-02 21:38:50,435 [INFO] BlockDiagram:2775 - set Specific Code input for plugin: SYS
2025-07-02 21:38:50,435 [INFO] BlockDiagram:2775 - set Specific Code input for plugin: GPIO
2025-07-02 21:38:50,435 [INFO] BlockDiagram:2775 - set Specific Code input for plugin: ADC
2025-07-02 21:38:50,435 [INFO] BlockDiagram:2775 - set Specific Code input for plugin: RCC
2025-07-02 21:38:50,435 [INFO] BlockDiagram:2775 - set Specific Code input for plugin: I2C
2025-07-02 21:38:50,437 [INFO] CodeGenerator:882 - code generatio: config db path: C:\Program Files\STMicroelectronics\STM32Cube\STM32CubeIDE_1.18.0\STM32CubeIDE\..\..\..\..\..\Users\jesfi\.eclipse\com.st.stm32cube.ide.mcu.rcp.product_1.18.0_2086139113_win32_win32_x86_64\plugins\com.st.stm32cube.common.mx_6.14.1.202504091515\\db\
2025-07-02 21:38:50,443 [WARN] IP:2250 - I2C_Coeff_DF not found: check if there is a RefParameter without a condition.
2025-07-02 21:38:50,443 [WARN] IP:2250 - Analog_Filter not found: check if there is a RefParameter without a condition.
2025-07-02 21:38:50,515 [INFO] CodeEngine:263 - oldGeneratedFile, C:\Users\jesfi\Desktop\STM-Projets\Projeto-ENGD33\Projeto-ENGD33\MXTmpFiles\license.tmp_save
2025-07-02 21:38:50,567 [INFO] CodeEngine:287 - Generated code: C:\Users\jesfi\Desktop\STM-Projets\Projeto-ENGD33\Projeto-ENGD33\MXTmpFiles\license.tmp
2025-07-02 21:38:50,594 [INFO] CodeEngine:263 - oldGeneratedFile, C:\Users\jesfi\Desktop\STM-Projets\Projeto-ENGD33\Projeto-ENGD33\MXTmpFiles\gpio.tmp_save
2025-07-02 21:38:50,647 [INFO] CodeEngine:287 - Generated code: C:\Users\jesfi\Desktop\STM-Projets\Projeto-ENGD33\Projeto-ENGD33\MXTmpFiles\gpio.tmp
2025-07-02 21:38:50,918 [INFO] Middleware:1452 - No code input for Bsp Dependency
2025-07-02 21:38:50,925 [INFO] CodeEngine:263 - oldGeneratedFile, C:\Users\jesfi\Desktop\STM-Projets\Projeto-ENGD33\Projeto-ENGD33\MXTmpFiles\rtos_inc.tmp_save
2025-07-02 21:38:50,973 [INFO] CodeEngine:287 - Generated code: C:\Users\jesfi\Desktop\STM-Projets\Projeto-ENGD33\Projeto-ENGD33\MXTmpFiles\rtos_inc.tmp
2025-07-02 21:38:50,978 [INFO] CodeEngine:263 - oldGeneratedFile, C:\Users\jesfi\Desktop\STM-Projets\Projeto-ENGD33\Projeto-ENGD33\MXTmpFiles\rtos_kernelInit.tmp_save
2025-07-02 21:38:51,025 [INFO] CodeEngine:287 - Generated code: C:\Users\jesfi\Desktop\STM-Projets\Projeto-ENGD33\Projeto-ENGD33\MXTmpFiles\rtos_kernelInit.tmp
2025-07-02 21:38:51,029 [INFO] CodeEngine:263 - oldGeneratedFile, C:\Users\jesfi\Desktop\STM-Projets\Projeto-ENGD33\Projeto-ENGD33\MXTmpFiles\rtos_kernelStart.tmp_save
2025-07-02 21:38:51,076 [INFO] CodeEngine:287 - Generated code: C:\Users\jesfi\Desktop\STM-Projets\Projeto-ENGD33\Projeto-ENGD33\MXTmpFiles\rtos_kernelStart.tmp
2025-07-02 21:38:51,080 [INFO] CodeEngine:263 - oldGeneratedFile, C:\Users\jesfi\Desktop\STM-Projets\Projeto-ENGD33\Projeto-ENGD33\MXTmpFiles\rtos_typedefs.tmp_save
2025-07-02 21:38:51,127 [INFO] CodeEngine:287 - Generated code: C:\Users\jesfi\Desktop\STM-Projets\Projeto-ENGD33\Projeto-ENGD33\MXTmpFiles\rtos_typedefs.tmp
2025-07-02 21:38:51,132 [INFO] CodeEngine:263 - oldGeneratedFile, C:\Users\jesfi\Desktop\STM-Projets\Projeto-ENGD33\Projeto-ENGD33\MXTmpFiles\rtos_vars.tmp_save
2025-07-02 21:38:51,188 [INFO] CodeEngine:287 - Generated code: C:\Users\jesfi\Desktop\STM-Projets\Projeto-ENGD33\Projeto-ENGD33\MXTmpFiles\rtos_vars.tmp
2025-07-02 21:38:51,194 [INFO] CodeEngine:263 - oldGeneratedFile, C:\Users\jesfi\Desktop\STM-Projets\Projeto-ENGD33\Projeto-ENGD33\MXTmpFiles\rtos_pfp.tmp_save
2025-07-02 21:38:51,259 [INFO] CodeEngine:287 - Generated code: C:\Users\jesfi\Desktop\STM-Projets\Projeto-ENGD33\Projeto-ENGD33\MXTmpFiles\rtos_pfp.tmp
2025-07-02 21:38:51,264 [INFO] CodeEngine:263 - oldGeneratedFile, C:\Users\jesfi\Desktop\STM-Projets\Projeto-ENGD33\Projeto-ENGD33\MXTmpFiles\rtos_obj_creat.tmp_save
2025-07-02 21:38:51,313 [INFO] CodeEngine:287 - Generated code: C:\Users\jesfi\Desktop\STM-Projets\Projeto-ENGD33\Projeto-ENGD33\MXTmpFiles\rtos_obj_creat.tmp
2025-07-02 21:38:51,318 [INFO] CodeEngine:263 - oldGeneratedFile, C:\Users\jesfi\Desktop\STM-Projets\Projeto-ENGD33\Projeto-ENGD33\MXTmpFiles\rtos_default_thread.tmp_save
2025-07-02 21:38:51,364 [INFO] CodeEngine:287 - Generated code: C:\Users\jesfi\Desktop\STM-Projets\Projeto-ENGD33\Projeto-ENGD33\MXTmpFiles\rtos_default_thread.tmp
2025-07-02 21:38:51,369 [INFO] CodeEngine:263 - oldGeneratedFile, C:\Users\jesfi\Desktop\STM-Projets\Projeto-ENGD33\Projeto-ENGD33\MXTmpFiles\rtos_threads.tmp_save
2025-07-02 21:38:51,415 [INFO] CodeEngine:287 - Generated code: C:\Users\jesfi\Desktop\STM-Projets\Projeto-ENGD33\Projeto-ENGD33\MXTmpFiles\rtos_threads.tmp
2025-07-02 21:38:51,439 [INFO] Middleware:1452 - No code input for Bsp Dependency
2025-07-02 21:38:51,448 [INFO] CodeEngine:263 - oldGeneratedFile, C:\Users\jesfi\Desktop\STM-Projets\Projeto-ENGD33\Projeto-ENGD33\MXTmpFiles\rtos_inc.tmp_save
2025-07-02 21:38:51,494 [INFO] CodeEngine:287 - Generated code: C:\Users\jesfi\Desktop\STM-Projets\Projeto-ENGD33\Projeto-ENGD33\MXTmpFiles\rtos_inc.tmp
2025-07-02 21:38:51,500 [INFO] CodeEngine:263 - oldGeneratedFile, C:\Users\jesfi\Desktop\STM-Projets\Projeto-ENGD33\Projeto-ENGD33\MXTmpFiles\rtos_kernelInit.tmp_save
2025-07-02 21:38:51,547 [INFO] CodeEngine:287 - Generated code: C:\Users\jesfi\Desktop\STM-Projets\Projeto-ENGD33\Projeto-ENGD33\MXTmpFiles\rtos_kernelInit.tmp
2025-07-02 21:38:51,554 [INFO] CodeEngine:263 - oldGeneratedFile, C:\Users\jesfi\Desktop\STM-Projets\Projeto-ENGD33\Projeto-ENGD33\MXTmpFiles\rtos_kernelStart.tmp_save
2025-07-02 21:38:51,599 [INFO] CodeEngine:287 - Generated code: C:\Users\jesfi\Desktop\STM-Projets\Projeto-ENGD33\Projeto-ENGD33\MXTmpFiles\rtos_kernelStart.tmp
2025-07-02 21:38:51,606 [INFO] CodeEngine:263 - oldGeneratedFile, C:\Users\jesfi\Desktop\STM-Projets\Projeto-ENGD33\Projeto-ENGD33\MXTmpFiles\rtos_typedefs.tmp_save
2025-07-02 21:38:51,654 [INFO] CodeEngine:287 - Generated code: C:\Users\jesfi\Desktop\STM-Projets\Projeto-ENGD33\Projeto-ENGD33\MXTmpFiles\rtos_typedefs.tmp
2025-07-02 21:38:51,662 [INFO] CodeEngine:263 - oldGeneratedFile, C:\Users\jesfi\Desktop\STM-Projets\Projeto-ENGD33\Projeto-ENGD33\MXTmpFiles\rtos_vars.tmp_save
2025-07-02 21:38:51,723 [INFO] CodeEngine:287 - Generated code: C:\Users\jesfi\Desktop\STM-Projets\Projeto-ENGD33\Projeto-ENGD33\MXTmpFiles\rtos_vars.tmp
2025-07-02 21:38:51,733 [INFO] CodeEngine:263 - oldGeneratedFile, C:\Users\jesfi\Desktop\STM-Projets\Projeto-ENGD33\Projeto-ENGD33\MXTmpFiles\rtos_pfp.tmp_save
2025-07-02 21:38:51,795 [INFO] CodeEngine:287 - Generated code: C:\Users\jesfi\Desktop\STM-Projets\Projeto-ENGD33\Projeto-ENGD33\MXTmpFiles\rtos_pfp.tmp
2025-07-02 21:38:51,805 [INFO] CodeEngine:263 - oldGeneratedFile, C:\Users\jesfi\Desktop\STM-Projets\Projeto-ENGD33\Projeto-ENGD33\MXTmpFiles\rtos_obj_creat.tmp_save
2025-07-02 21:38:51,877 [INFO] CodeEngine:287 - Generated code: C:\Users\jesfi\Desktop\STM-Projets\Projeto-ENGD33\Projeto-ENGD33\MXTmpFiles\rtos_obj_creat.tmp
2025-07-02 21:38:51,886 [INFO] CodeEngine:263 - oldGeneratedFile, C:\Users\jesfi\Desktop\STM-Projets\Projeto-ENGD33\Projeto-ENGD33\MXTmpFiles\rtos_default_thread.tmp_save
2025-07-02 21:38:51,942 [INFO] CodeEngine:287 - Generated code: C:\Users\jesfi\Desktop\STM-Projets\Projeto-ENGD33\Projeto-ENGD33\MXTmpFiles\rtos_default_thread.tmp
2025-07-02 21:38:51,948 [INFO] CodeEngine:263 - oldGeneratedFile, C:\Users\jesfi\Desktop\STM-Projets\Projeto-ENGD33\Projeto-ENGD33\MXTmpFiles\rtos_threads.tmp_save
2025-07-02 21:38:52,004 [INFO] CodeEngine:287 - Generated code: C:\Users\jesfi\Desktop\STM-Projets\Projeto-ENGD33\Projeto-ENGD33\MXTmpFiles\rtos_threads.tmp
2025-07-02 21:38:52,014 [INFO] CodeEngine:263 - oldGeneratedFile, C:\Users\jesfi\Desktop\STM-Projets\Projeto-ENGD33\Projeto-ENGD33\Core\Inc\FreeRTOSConfig.h_save
2025-07-02 21:38:52,087 [INFO] CodeEngine:287 - Generated code: C:\Users\jesfi\Desktop\STM-Projets\Projeto-ENGD33\Projeto-ENGD33\Core\Inc\FreeRTOSConfig.h
2025-07-02 21:38:52,094 [INFO] CodeEngine:263 - oldGeneratedFile, C:\Users\jesfi\Desktop\STM-Projets\Projeto-ENGD33\Projeto-ENGD33\Core\Src\freertos.c_save
2025-07-02 21:38:52,150 [INFO] CodeEngine:287 - Generated code: C:\Users\jesfi\Desktop\STM-Projets\Projeto-ENGD33\Projeto-ENGD33\Core\Src\freertos.c
2025-07-02 21:38:52,179 [INFO] CodeEngine:263 - oldGeneratedFile, C:\Users\jesfi\Desktop\STM-Projets\Projeto-ENGD33\Projeto-ENGD33\Core\Src\stm32f4xx_it.c_save
2025-07-02 21:38:52,260 [INFO] CodeEngine:287 - Generated code: C:\Users\jesfi\Desktop\STM-Projets\Projeto-ENGD33\Projeto-ENGD33\Core\Src\stm32f4xx_it.c
2025-07-02 21:38:52,268 [INFO] CodeEngine:263 - oldGeneratedFile, C:\Users\jesfi\Desktop\STM-Projets\Projeto-ENGD33\Projeto-ENGD33\Core\Inc\stm32f4xx_it.h_save
2025-07-02 21:38:52,319 [INFO] CodeEngine:287 - Generated code: C:\Users\jesfi\Desktop\STM-Projets\Projeto-ENGD33\Projeto-ENGD33\Core\Inc\stm32f4xx_it.h
2025-07-02 21:38:52,336 [INFO] CodeEngine:263 - oldGeneratedFile, C:\Users\jesfi\Desktop\STM-Projets\Projeto-ENGD33\Projeto-ENGD33\Core\Src\stm32f4xx_hal_msp.c_save
2025-07-02 21:38:52,413 [INFO] CodeEngine:287 - Generated code: C:\Users\jesfi\Desktop\STM-Projets\Projeto-ENGD33\Projeto-ENGD33\Core\Src\stm32f4xx_hal_msp.c
2025-07-02 21:38:52,419 [INFO] CodeEngine:263 - oldGeneratedFile, C:\Users\jesfi\Desktop\STM-Projets\Projeto-ENGD33\Projeto-ENGD33\MXTmpFiles\system.tmp_save
2025-07-02 21:38:52,467 [INFO] CodeEngine:287 - Generated code: C:\Users\jesfi\Desktop\STM-Projets\Projeto-ENGD33\Projeto-ENGD33\MXTmpFiles\system.tmp
2025-07-02 21:38:52,479 [INFO] CodeEngine:319 - oldGeneratedFile, C:\Users\jesfi\Desktop\STM-Projets\Projeto-ENGD33\Projeto-ENGD33\Core\Inc\stm32f4xx_hal_conf.h_save
2025-07-02 21:38:52,535 [INFO] CodeEngine:343 - Generated code: C:\Users\jesfi\Desktop\STM-Projets\Projeto-ENGD33\Projeto-ENGD33\Core\Inc\stm32f4xx_hal_conf.h
2025-07-02 21:38:52,553 [WARN] IPConfigManager:3790 - IP not found : TIM
2025-07-02 21:38:52,554 [WARN] CodeGenerator:4198 - IP not found : null
2025-07-02 21:38:52,564 [INFO] CodeEngine:263 - oldGeneratedFile, C:\Users\jesfi\Desktop\STM-Projets\Projeto-ENGD33\Projeto-ENGD33\Core\Inc\main.h_save
2025-07-02 21:38:52,619 [INFO] CodeEngine:287 - Generated code: C:\Users\jesfi\Desktop\STM-Projets\Projeto-ENGD33\Projeto-ENGD33\Core\Inc\main.h
2025-07-02 21:38:52,626 [INFO] CodeEngine:263 - oldGeneratedFile, C:\Users\jesfi\Desktop\STM-Projets\Projeto-ENGD33\Projeto-ENGD33\Core\Src\main.c_save
2025-07-02 21:38:52,749 [INFO] CodeEngine:287 - Generated code: C:\Users\jesfi\Desktop\STM-Projets\Projeto-ENGD33\Projeto-ENGD33\Core\Src\main.c
2025-07-02 21:38:53,174 [INFO] ProjectBuilder:3324 - Time for Copy HAL[1] : 282mS.
2025-07-02 21:38:53,179 [INFO] ProjectBuilder:4912 - Project Generator version: 4.6.0.1-B1
2025-07-02 21:38:53,240 [INFO] ConfigFileManager:1590 - The Die is : DIE431
2025-07-02 21:38:54,058 [INFO] ProjectBuilder:5191 - Time for Generating toolchain IDE Files: 879mS.
2025-07-02 21:38:54,060 [INFO] ProjectBuilder:3181 - Time for Copy CMSIS : 1mS.
2025-07-02 21:38:54,072 [INFO] ProjectBuilder:3181 - Time for Copy CMSIS : 0mS.
2025-07-02 22:00:48,276 [INFO] Activator:176 - 


2025-07-02 22:00:48,278 [INFO] Activator:177 - !SESSION log4j initialized
2025-07-02 22:00:53,309 [INFO] LogOutputStream:77 - [STDOUT_REDIRECT] 
2025-07-02 22:00:54,689 [INFO] ApplicationProperties:184 - Using Application install path: C:\Program Files\STMicroelectronics\STM32Cube\STM32CubeIDE_1.18.0\STM32CubeIDE\..\..\..\..\..\Users\jesfi\.eclipse\com.st.stm32cube.ide.mcu.rcp.product_1.18.0_2086139113_win32_win32_x86_64\plugins\com.st.stm32cube.common.mx_6.14.1.202504091515
2025-07-02 22:00:54,705 [INFO] DbMcusXml:78 - Set database path to: C:\Program Files\STMicroelectronics\STM32Cube\STM32CubeIDE_1.18.0\STM32CubeIDE\..\..\..\..\..\Users\jesfi\.eclipse\com.st.stm32cube.ide.mcu.rcp.product_1.18.0_2086139113_win32_win32_x86_64\plugins\com.st.stm32cube.common.mx_6.14.1.202504091515\\db\/mcu/
2025-07-02 22:00:54,705 [INFO] ApiDb:274 - Set plugin database path to: C:\Program Files\STMicroelectronics\STM32Cube\STM32CubeIDE_1.18.0\STM32CubeIDE\..\..\..\..\..\Users\jesfi\.eclipse\com.st.stm32cube.ide.mcu.rcp.product_1.18.0_2086139113_win32_win32_x86_64\plugins\com.st.stm32cube.common.mx_6.14.1.202504091515\\db\/plugins/boardmanager/
2025-07-02 22:00:54,706 [WARN] ApiDb:259 - Overriding images path with different value:  => C:\Program Files\STMicroelectronics\STM32Cube\STM32CubeIDE_1.18.0\STM32CubeIDE\..\..\..\..\..\Users\jesfi\.eclipse\com.st.stm32cube.ide.mcu.rcp.product_1.18.0_2086139113_win32_win32_x86_64\plugins\com.st.stm32cube.common.mx_6.14.1.202504091515\\db\/plugins/mcufinder/images/
2025-07-02 22:00:54,715 [INFO] ApiDb:250 - Set database path to: C:\Users\jesfi\.stmcufinder\plugins\mcufinder//mcu/
2025-07-02 22:00:54,715 [INFO] DbMcusAds:125 - Set database path to: C:\Users\jesfi\.stmcufinder\plugins\mcufinder//mcu/
2025-07-02 22:00:54,717 [INFO] CrossReferenceDbSqlite:203 - Set database path to: C:\Users\jesfi\.stmcufinder\plugins\mcufinder//mcu/cs/
2025-07-02 22:00:54,817 [INFO] RulesReader:64 - Compatibility file has been processed (302 Rules)
2025-07-02 22:00:54,908 [INFO] DbMcusXml:78 - Set database path to: C:\Program Files\STMicroelectronics\STM32Cube\STM32CubeIDE_1.18.0\STM32CubeIDE\..\..\..\..\..\Users\jesfi\.eclipse\com.st.stm32cube.ide.mcu.rcp.product_1.18.0_2086139113_win32_win32_x86_64\plugins\com.st.stm32cube.common.mx_6.14.1.202504091515\\db\/mcu/
2025-07-02 22:00:54,908 [INFO] ApiDb:274 - Set plugin database path to: C:\Program Files\STMicroelectronics\STM32Cube\STM32CubeIDE_1.18.0\STM32CubeIDE\..\..\..\..\..\Users\jesfi\.eclipse\com.st.stm32cube.ide.mcu.rcp.product_1.18.0_2086139113_win32_win32_x86_64\plugins\com.st.stm32cube.common.mx_6.14.1.202504091515\\db\/plugins/boardmanager/
2025-07-02 22:00:54,910 [INFO] ApiDb:261 - Set plugin images path to: C:\Program Files\STMicroelectronics\STM32Cube\STM32CubeIDE_1.18.0\STM32CubeIDE\..\..\..\..\..\Users\jesfi\.eclipse\com.st.stm32cube.ide.mcu.rcp.product_1.18.0_2086139113_win32_win32_x86_64\plugins\com.st.stm32cube.common.mx_6.14.1.202504091515\\db\/plugins/mcufinder/images/
2025-07-02 22:00:54,910 [WARN] DbFile:41 - Overriding database path with different value: C:\Users\jesfi\.stmcufinder\plugins\mcufinder/ => C:\Users\jesfi\.stmcufinder\plugins\mcufinder
2025-07-02 22:00:54,910 [INFO] ApiDb:250 - Set database path to: C:\Users\jesfi\.stmcufinder\plugins\mcufinder//mcu/
2025-07-02 22:00:54,910 [WARN] DbFile:41 - Overriding database path with different value: C:\Users\jesfi\.stmcufinder\plugins\mcufinder/ => C:\Users\jesfi\.stmcufinder\plugins\mcufinder
2025-07-02 22:00:54,910 [INFO] DbMcusAds:125 - Set database path to: C:\Users\jesfi\.stmcufinder\plugins\mcufinder//mcu/
2025-07-02 22:00:54,910 [WARN] DbFile:41 - Overriding database path with different value: C:\Users\jesfi\.stmcufinder\plugins\mcufinder/ => C:\Users\jesfi\.stmcufinder\plugins\mcufinder
2025-07-02 22:00:54,910 [WARN] DbFile:41 - Overriding database path with different value: C:\Users\jesfi\.stmcufinder\plugins\mcufinder/ => C:\Users\jesfi\.stmcufinder\plugins\mcufinder
2025-07-02 22:00:54,910 [INFO] CrossReferenceDbSqlite:203 - Set database path to: C:\Users\jesfi\.stmcufinder\plugins\mcufinder//mcu/cs/
2025-07-02 22:00:54,983 [INFO] MainPanel:272 - HeapMemory: 268435456
2025-07-02 22:00:55,108 [INFO] DbMcusXml:78 - Set database path to: C:\Program Files\STMicroelectronics\STM32Cube\STM32CubeIDE_1.18.0\STM32CubeIDE\..\..\..\..\..\Users\jesfi\.eclipse\com.st.stm32cube.ide.mcu.rcp.product_1.18.0_2086139113_win32_win32_x86_64\plugins\com.st.stm32cube.common.mx_6.14.1.202504091515\\db\/mcu/
2025-07-02 22:00:55,108 [INFO] ApiDb:274 - Set plugin database path to: C:\Program Files\STMicroelectronics\STM32Cube\STM32CubeIDE_1.18.0\STM32CubeIDE\..\..\..\..\..\Users\jesfi\.eclipse\com.st.stm32cube.ide.mcu.rcp.product_1.18.0_2086139113_win32_win32_x86_64\plugins\com.st.stm32cube.common.mx_6.14.1.202504091515\\db\/plugins/boardmanager/
2025-07-02 22:00:55,108 [INFO] ApiDb:261 - Set plugin images path to: C:\Program Files\STMicroelectronics\STM32Cube\STM32CubeIDE_1.18.0\STM32CubeIDE\..\..\..\..\..\Users\jesfi\.eclipse\com.st.stm32cube.ide.mcu.rcp.product_1.18.0_2086139113_win32_win32_x86_64\plugins\com.st.stm32cube.common.mx_6.14.1.202504091515\\db\/plugins/mcufinder/images/
2025-07-02 22:00:55,109 [WARN] DbFile:41 - Overriding database path with different value: C:\Users\jesfi\.stmcufinder\plugins\mcufinder/ => C:\Users\jesfi\.stmcufinder\plugins\mcufinder
2025-07-02 22:00:55,109 [INFO] ApiDb:250 - Set database path to: C:\Users\jesfi\.stmcufinder\plugins\mcufinder//mcu/
2025-07-02 22:00:55,109 [WARN] DbFile:41 - Overriding database path with different value: C:\Users\jesfi\.stmcufinder\plugins\mcufinder/ => C:\Users\jesfi\.stmcufinder\plugins\mcufinder
2025-07-02 22:00:55,109 [INFO] DbMcusAds:125 - Set database path to: C:\Users\jesfi\.stmcufinder\plugins\mcufinder//mcu/
2025-07-02 22:00:55,109 [WARN] DbFile:41 - Overriding database path with different value: C:\Users\jesfi\.stmcufinder\plugins\mcufinder/ => C:\Users\jesfi\.stmcufinder\plugins\mcufinder
2025-07-02 22:00:55,109 [WARN] DbFile:41 - Overriding database path with different value: C:\Users\jesfi\.stmcufinder\plugins\mcufinder/ => C:\Users\jesfi\.stmcufinder\plugins\mcufinder
2025-07-02 22:00:55,109 [INFO] CrossReferenceDbSqlite:203 - Set database path to: C:\Users\jesfi\.stmcufinder\plugins\mcufinder//mcu/cs/
2025-07-02 22:00:55,127 [INFO] ApplicationProperties:184 - Using Application install path: C:\Program Files\STMicroelectronics\STM32Cube\STM32CubeIDE_1.18.0\STM32CubeIDE\..\..\..\..\..\Users\jesfi\.eclipse\com.st.stm32cube.ide.mcu.rcp.product_1.18.0_2086139113_win32_win32_x86_64\plugins\com.st.stm32cube.common.mx_6.14.1.202504091515
2025-07-02 22:00:55,128 [INFO] PluginManage:196 - Search for loadable plugins [exclusion list=, ]
2025-07-02 22:00:55,129 [INFO] PluginManage:310 - Check plugin analytics
2025-07-02 22:00:55,270 [INFO] AnalyticsPlugin:253 - Accepted Software Licenses: STM32CubeMX.6.9.1,STM32CubeMX.6.14.0,STM32CubeMX.6.14.1
2025-07-02 22:00:55,272 [INFO] AnalyticsPlugin:255 - Accepted CMSIS Pack Licenses: STMicroelectronics.X-CUBE-AZRTOS-F4.1.1.0,SEGGER.I-CUBE-embOS.1.3.1,STMicroelectronics.X-CUBE-AI.10.1.0,STMicroelectronics.X-CUBE-DISPLAY.3.0.0
2025-07-02 22:00:55,272 [INFO] AnalyticsPlugin:257 - Accepted Firmware Licenses: FW.F4.1.27.0,FW.F4.1.28.0
2025-07-02 22:00:55,274 [INFO] PluginManage:359 - Loaded plugin analytics (category:tool,tabindex:-1)
2025-07-02 22:00:55,274 [INFO] PluginManage:310 - Check plugin cadmodel
2025-07-02 22:00:55,282 [INFO] CADModel:105 - Init CAD model plugin
2025-07-02 22:00:55,282 [INFO] PluginManage:359 - Loaded plugin cadmodel (category:power,tabindex:5)
2025-07-02 22:00:55,289 [INFO] PluginManage:310 - Check plugin clock
2025-07-02 22:00:55,299 [INFO] PluginManage:359 - Loaded plugin clock (category:base,tabindex:2)
2025-07-02 22:00:55,299 [INFO] PluginManage:310 - Check plugin ddr
2025-07-02 22:00:55,301 [INFO] PluginManage:359 - Loaded plugin ddr (category:tool,tabindex:6)
2025-07-02 22:00:55,301 [INFO] PluginManage:310 - Check plugin filemanager
2025-07-02 22:00:55,459 [INFO] PluginManage:359 - Loaded plugin filemanager (category:base,tabindex:10)
2025-07-02 22:00:55,460 [INFO] PluginManage:310 - Check plugin ipmanager
2025-07-02 22:00:55,468 [INFO] PluginManage:359 - Loaded plugin ipmanager (category:base,tabindex:5)
2025-07-02 22:00:55,468 [INFO] PluginManage:310 - Check plugin lpbam
2025-07-02 22:00:55,476 [INFO] PluginManage:359 - Loaded plugin lpbam (category:base,tabindex:0)
2025-07-02 22:00:55,476 [INFO] PluginManage:310 - Check plugin memorymap
2025-07-02 22:00:55,494 [INFO] PluginManage:359 - Loaded plugin memorymap (category:base,tabindex:4)
2025-07-02 22:00:55,494 [INFO] PluginManage:310 - Check plugin pinoutandconfiguration
2025-07-02 22:00:55,503 [INFO] PluginManage:359 - Loaded plugin pinoutandconfiguration (category:base,tabindex:1)
2025-07-02 22:00:55,503 [INFO] PluginManage:310 - Check plugin pinoutconfig
2025-07-02 22:00:55,593 [WARN] SupportedApi:132 - Cannot load RTOS API schema: s4s-elt-must-match.1: The content of 'definitions' must match (annotation?, (simpleType | complexType)?, (unique | key | keyref)*)). A problem was found starting at: attribute.
2025-07-02 22:00:55,711 [INFO] PluginManage:359 - Loaded plugin pinoutconfig (category:base,tabindex:0)
2025-07-02 22:00:55,711 [INFO] PluginManage:310 - Check plugin power
2025-07-02 22:00:55,720 [INFO] PluginManage:359 - Loaded plugin power (category:power,tabindex:4)
2025-07-02 22:00:55,721 [INFO] PluginManage:310 - Check plugin projectmanager
2025-07-02 22:00:55,734 [INFO] PluginManage:359 - Loaded plugin projectmanager (category:projectmanager,tabindex:4)
2025-07-02 22:00:55,734 [INFO] PluginManage:310 - Check plugin rif
2025-07-02 22:00:55,741 [INFO] PluginManage:359 - Loaded plugin rif (category:base,tabindex:3)
2025-07-02 22:00:55,741 [INFO] PluginManage:310 - Check plugin thirdparty
2025-07-02 22:00:55,864 [INFO] PluginManage:359 - Loaded plugin thirdparty (category:base,tabindex:-1)
2025-07-02 22:00:55,864 [WARN] IntegrityCheckThread:84 - waiting for thirdparty lock release [integrity check]
2025-07-02 22:00:55,865 [INFO] PluginManage:310 - Check plugin tools
2025-07-02 22:00:55,865 [INFO] IntegrityCheckThread:86 - entering critical section [integrity check]
2025-07-02 22:00:55,865 [INFO] ThirdPartyUpdaterWithRetryManager:70 - Updater plugin not ready yet. [1/15]
2025-07-02 22:00:55,868 [INFO] PluginManage:359 - Loaded plugin tools (category:base,tabindex:7)
2025-07-02 22:00:55,868 [INFO] PluginManage:310 - Check plugin tutovideos
2025-07-02 22:00:56,012 [INFO] PluginManage:359 - Loaded plugin tutovideos (category:base,tabindex:-1)
2025-07-02 22:00:56,012 [INFO] PluginManage:310 - Check plugin updater
2025-07-02 22:00:56,031 [INFO] PluginManage:359 - Loaded plugin updater (category:base,tabindex:12)
2025-07-02 22:00:56,031 [INFO] PluginManage:310 - Check plugin userauth
2025-07-02 22:00:56,035 [INFO] UserAuth:118 - Init User Auth plugin
2025-07-02 22:00:56,035 [INFO] PluginManage:359 - Loaded plugin userauth (category:base,tabindex:14)
2025-07-02 22:00:56,036 [INFO] PluginManage:283 - PluginManage : Loaded plugins [18]
2025-07-02 22:00:56,213 [INFO] PinOutPanel:1589 - setPackage(No Configuration,No Configuration)
2025-07-02 22:00:56,291 [INFO] CADModel:165 - CPN selected for project level
2025-07-02 22:00:56,291 [INFO] CADModel:114 - Register for checkConnection events
2025-07-02 22:00:56,307 [INFO] IPUIPlugin:80 - create IPUIPlugin
2025-07-02 22:00:56,307 [INFO] PluginManager:220 - loadIPPluginJar : add adc
2025-07-02 22:00:56,310 [INFO] IPUIPlugin:80 - create IPUIPlugin
2025-07-02 22:00:56,310 [INFO] PluginManager:220 - loadIPPluginJar : add aes
2025-07-02 22:00:56,312 [INFO] IPUIPlugin:80 - create IPUIPlugin
2025-07-02 22:00:56,312 [INFO] PluginManager:220 - loadIPPluginJar : add can
2025-07-02 22:00:56,314 [INFO] IPUIPlugin:80 - create IPUIPlugin
2025-07-02 22:00:56,314 [INFO] PluginManager:220 - loadIPPluginJar : add comp
2025-07-02 22:00:56,316 [INFO] IPUIPlugin:80 - create IPUIPlugin
2025-07-02 22:00:56,316 [INFO] PluginManager:220 - loadIPPluginJar : add cryp
2025-07-02 22:00:56,319 [INFO] IPUIPlugin:80 - create IPUIPlugin
2025-07-02 22:00:56,319 [INFO] PluginManager:220 - loadIPPluginJar : add ddr_ctrl_phy
2025-07-02 22:00:56,321 [INFO] IPUIPlugin:80 - create IPUIPlugin
2025-07-02 22:00:56,322 [INFO] PluginManager:220 - loadIPPluginJar : add dfsdm
2025-07-02 22:00:56,326 [INFO] IPUIPlugin:80 - create IPUIPlugin
2025-07-02 22:00:56,326 [INFO] PluginManager:220 - loadIPPluginJar : add dma
2025-07-02 22:00:56,328 [INFO] IPUIPlugin:80 - create IPUIPlugin
2025-07-02 22:00:56,330 [INFO] PluginManager:220 - loadIPPluginJar : add dma3
2025-07-02 22:00:56,332 [INFO] IPUIPlugin:80 - create IPUIPlugin
2025-07-02 22:00:56,332 [INFO] PluginManager:220 - loadIPPluginJar : add extmemmanager
2025-07-02 22:00:56,333 [INFO] IPUIPlugin:80 - create IPUIPlugin
2025-07-02 22:00:56,334 [INFO] PluginManager:220 - loadIPPluginJar : add fatfs
2025-07-02 22:00:56,337 [INFO] IPUIPlugin:80 - create IPUIPlugin
2025-07-02 22:00:56,337 [INFO] PluginManager:220 - loadIPPluginJar : add fmc
2025-07-02 22:00:56,343 [INFO] IPUIPlugin:80 - create IPUIPlugin
2025-07-02 22:00:56,343 [INFO] PluginManager:220 - loadIPPluginJar : add freertos
2025-07-02 22:00:56,344 [INFO] IPUIPlugin:80 - create IPUIPlugin
2025-07-02 22:00:56,344 [INFO] PluginManager:220 - loadIPPluginJar : add genericplugin
2025-07-02 22:00:56,346 [INFO] IPUIPlugin:80 - create IPUIPlugin
2025-07-02 22:00:56,347 [INFO] PluginManager:220 - loadIPPluginJar : add gfxmmu
2025-07-02 22:00:56,350 [INFO] IPUIPlugin:80 - create IPUIPlugin
2025-07-02 22:00:56,350 [INFO] PluginManager:220 - loadIPPluginJar : add gic
2025-07-02 22:00:56,352 [INFO] IPUIPlugin:80 - create IPUIPlugin
2025-07-02 22:00:56,352 [INFO] PluginManager:220 - loadIPPluginJar : add gpio
2025-07-02 22:00:56,355 [INFO] IPUIPlugin:80 - create IPUIPlugin
2025-07-02 22:00:56,355 [INFO] PluginManager:220 - loadIPPluginJar : add gtzc
2025-07-02 22:00:56,357 [INFO] IPUIPlugin:80 - create IPUIPlugin
2025-07-02 22:00:56,357 [INFO] PluginManager:220 - loadIPPluginJar : add hash
2025-07-02 22:00:56,359 [INFO] IPUIPlugin:80 - create IPUIPlugin
2025-07-02 22:00:56,359 [INFO] PluginManager:220 - loadIPPluginJar : add i2c
2025-07-02 22:00:56,361 [INFO] IPUIPlugin:80 - create IPUIPlugin
2025-07-02 22:00:56,361 [INFO] PluginManager:220 - loadIPPluginJar : add i2s
2025-07-02 22:00:56,364 [INFO] IPUIPlugin:80 - create IPUIPlugin
2025-07-02 22:00:56,364 [INFO] PluginManager:220 - loadIPPluginJar : add i3c
2025-07-02 22:00:56,367 [INFO] IPUIPlugin:80 - create IPUIPlugin
2025-07-02 22:00:56,367 [INFO] PluginManager:220 - loadIPPluginJar : add ipddr
2025-07-02 22:00:56,372 [INFO] IPUIPlugin:80 - create IPUIPlugin
2025-07-02 22:00:56,372 [INFO] PluginManager:220 - loadIPPluginJar : add linkedlist
2025-07-02 22:00:56,374 [INFO] IPUIPlugin:80 - create IPUIPlugin
2025-07-02 22:00:56,374 [INFO] PluginManager:220 - loadIPPluginJar : add lorawan
2025-07-02 22:00:56,376 [INFO] IPUIPlugin:80 - create IPUIPlugin
2025-07-02 22:00:56,376 [INFO] PluginManager:220 - loadIPPluginJar : add ltdc
2025-07-02 22:00:56,380 [INFO] IPUIPlugin:80 - create IPUIPlugin
2025-07-02 22:00:56,381 [INFO] PluginManager:220 - loadIPPluginJar : add mdma
2025-07-02 22:00:56,383 [INFO] IPUIPlugin:80 - create IPUIPlugin
2025-07-02 22:00:56,383 [INFO] PluginManager:220 - loadIPPluginJar : add nvic
2025-07-02 22:00:56,387 [INFO] IPUIPlugin:80 - create IPUIPlugin
2025-07-02 22:00:56,387 [INFO] PluginManager:220 - loadIPPluginJar : add opamp
2025-07-02 22:00:56,391 [INFO] IPUIPlugin:80 - create IPUIPlugin
2025-07-02 22:00:56,391 [INFO] PluginManager:220 - loadIPPluginJar : add openamp
2025-07-02 22:00:56,393 [INFO] IPUIPlugin:80 - create IPUIPlugin
2025-07-02 22:00:56,393 [INFO] PluginManager:220 - loadIPPluginJar : add pdm2pcm
2025-07-02 22:00:56,398 [INFO] IPUIPlugin:80 - create IPUIPlugin
2025-07-02 22:00:56,401 [INFO] PluginManager:220 - loadIPPluginJar : add plateformsettings
2025-07-02 22:00:56,402 [INFO] IPUIPlugin:80 - create IPUIPlugin
2025-07-02 22:00:56,402 [INFO] PluginManager:220 - loadIPPluginJar : add quadspi
2025-07-02 22:00:56,405 [INFO] IPUIPlugin:80 - create IPUIPlugin
2025-07-02 22:00:56,407 [INFO] PluginManager:220 - loadIPPluginJar : add radio
2025-07-02 22:00:56,410 [INFO] IPUIPlugin:80 - create IPUIPlugin
2025-07-02 22:00:56,410 [INFO] PluginManager:220 - loadIPPluginJar : add resmgrutility
2025-07-02 22:00:56,412 [INFO] IPUIPlugin:80 - create IPUIPlugin
2025-07-02 22:00:56,413 [INFO] PluginManager:220 - loadIPPluginJar : add sai
2025-07-02 22:00:56,415 [INFO] IPUIPlugin:80 - create IPUIPlugin
2025-07-02 22:00:56,415 [INFO] PluginManager:220 - loadIPPluginJar : add spi
2025-07-02 22:00:56,420 [INFO] IPUIPlugin:80 - create IPUIPlugin
2025-07-02 22:00:56,420 [INFO] PluginManager:220 - loadIPPluginJar : add stm32_wpan
2025-07-02 22:00:56,422 [INFO] IPUIPlugin:80 - create IPUIPlugin
2025-07-02 22:00:56,422 [INFO] PluginManager:220 - loadIPPluginJar : add tim
2025-07-02 22:00:56,425 [INFO] IPUIPlugin:80 - create IPUIPlugin
2025-07-02 22:00:56,425 [INFO] PluginManager:220 - loadIPPluginJar : add touchsensing
2025-07-02 22:00:56,427 [INFO] IPUIPlugin:80 - create IPUIPlugin
2025-07-02 22:00:56,427 [INFO] PluginManager:220 - loadIPPluginJar : add tracer_emb
2025-07-02 22:00:56,429 [INFO] IPUIPlugin:80 - create IPUIPlugin
2025-07-02 22:00:56,429 [INFO] PluginManager:220 - loadIPPluginJar : add ts
2025-07-02 22:00:56,430 [INFO] IPUIPlugin:80 - create IPUIPlugin
2025-07-02 22:00:56,430 [INFO] PluginManager:220 - loadIPPluginJar : add tsc
2025-07-02 22:00:56,432 [INFO] IPUIPlugin:80 - create IPUIPlugin
2025-07-02 22:00:56,432 [INFO] PluginManager:220 - loadIPPluginJar : add ucpd
2025-07-02 22:00:56,435 [INFO] IPUIPlugin:80 - create IPUIPlugin
2025-07-02 22:00:56,435 [INFO] PluginManager:220 - loadIPPluginJar : add usart
2025-07-02 22:00:56,438 [INFO] IPUIPlugin:80 - create IPUIPlugin
2025-07-02 22:00:56,438 [INFO] PluginManager:220 - loadIPPluginJar : add usbx
2025-07-02 22:00:56,558 [FATAL] Updater:351 - Updater called before beeing initialized
2025-07-02 22:00:56,579 [INFO] RulesReader:64 - Compatibility file has been processed (302 Rules)
2025-07-02 22:00:56,587 [INFO] RulesReader:64 - Compatibility file has been processed (302 Rules)
2025-07-02 22:00:56,592 [INFO] CADModel:165 - CPN selected for project level
2025-07-02 22:00:56,592 [INFO] CADModel:114 - Register for checkConnection events
2025-07-02 22:00:56,592 [FATAL] Updater:351 - Updater called before beeing initialized
2025-07-02 22:00:56,593 [ERROR] CADModel:125 - Updater not yet initialized, retry later 
2025-07-02 22:00:56,739 [FATAL] Updater:351 - Updater called before beeing initialized
2025-07-02 22:00:56,741 [INFO] CADModel:165 - CPN selected for project level
2025-07-02 22:00:56,741 [INFO] CADModel:114 - Register for checkConnection events
2025-07-02 22:00:56,741 [FATAL] Updater:351 - Updater called before beeing initialized
2025-07-02 22:00:56,741 [ERROR] CADModel:125 - Updater not yet initialized, retry later 
2025-07-02 22:00:56,744 [FATAL] Updater:351 - Updater called before beeing initialized
2025-07-02 22:00:56,835 [FATAL] Updater:351 - Updater called before beeing initialized
2025-07-02 22:00:56,838 [INFO] DbMcusAds:53 - JSON generation date=Thu Jun 19 05:32:34 BRT 2025 (1750321954312)
2025-07-02 22:00:56,838 [FATAL] Updater:351 - Updater called before beeing initialized
2025-07-02 22:00:56,871 [WARN] DetailPanel:346 - Failed to get advertising image, set to default
2025-07-02 22:00:57,076 [FATAL] Updater:351 - Updater called before beeing initialized
2025-07-02 22:00:57,079 [FATAL] Updater:351 - Updater called before beeing initialized
2025-07-02 22:00:57,079 [FATAL] Updater:351 - Updater called before beeing initialized
2025-07-02 22:00:57,079 [WARN] DetailPanel:346 - Failed to get advertising image, set to default
2025-07-02 22:00:57,079 [FATAL] Updater:351 - Updater called before beeing initialized
2025-07-02 22:00:57,117 [ERROR] Updater:1198 - MainUpdater not yet initialized. External WinMGr cannot be set.
2025-07-02 22:00:57,119 [INFO] Updater:1134 - Updater Version found : 6.14.1
2025-07-02 22:00:57,134 [INFO] ApplicationProperties:184 - Using Application install path: C:\Program Files\STMicroelectronics\STM32Cube\STM32CubeIDE_1.18.0\STM32CubeIDE\..\..\..\..\..\Users\jesfi\.eclipse\com.st.stm32cube.ide.mcu.rcp.product_1.18.0_2086139113_win32_win32_x86_64\plugins\com.st.stm32cube.common.mx_6.14.1.202504091515
2025-07-02 22:00:58,707 [ERROR] LogOutputStream:75 - [STDERR_REDIRECT] Jul 02, 2025 10:00:58 PM java.util.prefs.WindowsPreferences <init>
2025-07-02 22:00:58,708 [ERROR] LogOutputStream:75 - [STDERR_REDIRECT] WARNING: Could not open/create prefs root node Software\JavaSoft\Prefs at root 0xffffffff80000002. Windows RegCreateKeyEx(...) returned error code 5.
2025-07-02 22:00:58,708 [ERROR] LogOutputStream:75 - [STDERR_REDIRECT] 
2025-07-02 22:00:58,867 [INFO] ThirdPartyUpdaterWithRetryManager:70 - Updater plugin not ready yet. [2/15]
2025-07-02 22:00:59,026 [INFO] MainUpdater:2872 - connection check result : 10
2025-07-02 22:00:59,027 [INFO] MainUpdater:289 - Updater Check For Update Now.
2025-07-02 22:00:59,027 [INFO] MicroXplorer:498 - Change Database Version : DB.6.0.141
2025-07-02 22:00:59,036 [INFO] McuFinderGlobals:63 - Set McuFinder mode to 2 (CubeIDE integrated)
2025-07-02 22:00:59,037 [INFO] UserAuth:484 - Internet connection configuration mode: 1
2025-07-02 22:00:59,061 [INFO] JxBrowserEngine:152 - Initiate JxBrowser Engine with user profile folder
2025-07-02 22:00:59,189 [INFO] CheckServerUpdateThread:120 - End of CheckServer Thread
2025-07-02 22:01:00,003 [INFO] WebApp:169 - Instantiating new browser for Auth
2025-07-02 22:01:00,684 [INFO] WebApp:463 - Apply proxy settings
2025-07-02 22:01:00,686 [INFO] WebApp:548 - Chromium requires no authentication
2025-07-02 22:01:00,694 [INFO] WebApp:491 - Direct internet connection detected
2025-07-02 22:01:00,716 [INFO] WebApp:894 - Register for checkConnection events
2025-07-02 22:01:00,716 [INFO] WebApp:463 - Apply proxy settings
2025-07-02 22:01:00,716 [INFO] WebApp:548 - Chromium requires no authentication
2025-07-02 22:01:00,717 [INFO] WebApp:491 - Direct internet connection detected
2025-07-02 22:01:00,880 [INFO] WebApp:225 - Starting web application
2025-07-02 22:01:00,880 [INFO] WebApp:593 - Web application path used C:\Program Files\STMicroelectronics\STM32Cube\STM32CubeIDE_1.18.0\STM32CubeIDE\..\..\..\..\..\Users\jesfi\.eclipse\com.st.stm32cube.ide.mcu.rcp.product_1.18.0_2086139113_win32_win32_x86_64\plugins\com.st.stm32cube.common.mx_6.14.1.202504091515\db\plugins\mcufinder\reactClient1\index.html
2025-07-02 22:01:01,031 [INFO] WebApp:191 - Connection restablished
2025-07-02 22:01:01,044 [INFO] UserAuth:484 - Internet connection configuration mode: 1
2025-07-02 22:01:02,106 [WARN] PackLoader:240 - Cannot read IP mode file for STMicroelectronics.FP-SNS-MOTENVWB1.1.4.0
2025-07-02 22:01:02,112 [WARN] PackLoader:240 - Cannot read IP mode file for STMicroelectronics.FP-ATR-ASTRA1.2.0.2
2025-07-02 22:01:02,119 [WARN] PackLoader:240 - Cannot read IP mode file for STMicroelectronics.X-CUBE-SMBUS.2.1.0
2025-07-02 22:01:02,123 [WARN] PackLoader:240 - Cannot read IP mode file for STMicroelectronics.X-CUBE-ST60.1.0.0
2025-07-02 22:01:02,143 [WARN] PackLoader:240 - Cannot read IP mode file for STMicroelectronics.X-CUBE-AZRTOS-F7.1.1.0
2025-07-02 22:01:02,163 [WARN] PackLoader:240 - Cannot read IP mode file for Infineon.AIROC-Wi-Fi-Bluetooth-STM32.1.7.0
2025-07-02 22:01:02,176 [WARN] PackLoader:240 - Cannot read IP mode file for STMicroelectronics.X-CUBE-DISPLAY.3.0.0
2025-07-02 22:01:02,267 [WARN] PackLoader:240 - Cannot read IP mode file for STMicroelectronics.X-CUBE-NFC10.1.0.0
2025-07-02 22:01:02,277 [WARN] PackLoader:240 - Cannot read IP mode file for STMicroelectronics.X-CUBE-BLEMGR.4.0.0
2025-07-02 22:01:02,284 [WARN] PackLoader:240 - Cannot read IP mode file for emotas.I-CUBE-CANOPEN.1.3.0
2025-07-02 22:01:02,303 [WARN] ConditionMgr:438 - getConditionDescription Invalid condition id : Cortex-A Device cause : null
2025-07-02 22:01:02,311 [WARN] ConditionMgr:1044 - genDependencies : Invalid condition id : Cortex-A Device cause : null
2025-07-02 22:01:02,311 [WARN] ConditionMgr:1044 - genDependencies : Invalid condition id : Cortex-A Device cause : null
2025-07-02 22:01:02,311 [WARN] ConditionMgr:1044 - genDependencies : Invalid condition id : Cortex-A Device cause : null
2025-07-02 22:01:02,316 [WARN] PackLoader:240 - Cannot read IP mode file for STMicroelectronics.FP-SNS-SMARTAG2.1.2.0
2025-07-02 22:01:02,321 [WARN] PackLoader:240 - Cannot read IP mode file for STMicroelectronics.FP-SNS-FLIGHT1.5.1.0
2025-07-02 22:01:02,328 [INFO] LogOutputStream:77 - [STDOUT_REDIRECT] 1 : Invalid condition id : UX_CORESTACK_Condition cause : null
2025-07-02 22:01:02,328 [INFO] LogOutputStream:77 - [STDOUT_REDIRECT] 1 : Invalid condition id : UX_CORESTACK_Condition cause : null
2025-07-02 22:01:02,329 [INFO] LogOutputStream:77 - [STDOUT_REDIRECT] 1 : Invalid condition id : UX_CORESTACK_Condition cause : null
2025-07-02 22:01:02,329 [INFO] LogOutputStream:77 - [STDOUT_REDIRECT] 1 : Invalid condition id : UX_CORESTACK_Condition cause : null
2025-07-02 22:01:02,330 [INFO] LogOutputStream:77 - [STDOUT_REDIRECT] 1 : Invalid condition id : UX_CORESTACK_Condition cause : null
2025-07-02 22:01:02,332 [WARN] PackLoader:240 - Cannot read IP mode file for STMicroelectronics.X-CUBE-AZRTOS-WL.2.0.0
2025-07-02 22:01:02,336 [WARN] PackLoader:240 - Cannot read IP mode file for STMicroelectronics.FP-SNS-MOTENV1.5.0.0
2025-07-02 22:01:02,342 [WARN] PackLoader:240 - Cannot read IP mode file for WES.I-CUBE-Cesium.1.3.0
2025-07-02 22:01:02,347 [WARN] PackLoader:240 - Cannot read IP mode file for STMicroelectronics.X-CUBE-BLE2.3.3.0
2025-07-02 22:01:02,352 [WARN] PackLoader:240 - Cannot read IP mode file for STMicroelectronics.X-CUBE-NFC9.1.0.0
2025-07-02 22:01:02,356 [WARN] PackLoader:240 - Cannot read IP mode file for wolfSSL.I-CUBE-wolfSSL.5.8.0
2025-07-02 22:01:02,361 [WARN] PackLoader:240 - Cannot read IP mode file for STMicroelectronics.X-CUBE-BLE1.7.1.0
2025-07-02 22:01:02,364 [WARN] PackLoader:240 - Cannot read IP mode file for wolfSSL.I-CUBE-wolfMQTT.1.19.2
2025-07-02 22:01:02,369 [WARN] PackLoader:240 - Cannot read IP mode file for STMicroelectronics.X-CUBE-AI.10.1.0
2025-07-02 22:01:02,401 [WARN] PackLoader:240 - Cannot read IP mode file for STMicroelectronics.X-CUBE-AZRTOS-G0.1.1.0
2025-07-02 22:01:02,407 [WARN] PackLoader:240 - Cannot read IP mode file for STMicroelectronics.X-CUBE-SAFEA1.1.2.2
2025-07-02 22:01:02,412 [WARN] PackLoader:240 - Cannot read IP mode file for STMicroelectronics.X-CUBE-NFC4.3.0.0
2025-07-02 22:01:02,420 [WARN] PackLoader:240 - Cannot read IP mode file for EmbeddedOffice.I-CUBE-FS-RTOS.1.0.1
2025-07-02 22:01:02,424 [WARN] PackLoader:240 - Cannot read IP mode file for STMicroelectronics.X-CUBE-WB05N.2.0.0
2025-07-02 22:01:02,427 [WARN] PackLoader:240 - Cannot read IP mode file for wolfSSL.I-CUBE-wolfTPM.3.8.0
2025-07-02 22:01:02,432 [WARN] PackLoader:240 - Cannot read IP mode file for STMicroelectronics.X-CUBE-TCPP.4.2.0
2025-07-02 22:01:02,439 [WARN] PackLoader:240 - Cannot read IP mode file for RealThread.X-CUBE-RT-Thread_Nano.4.1.1
2025-07-02 22:01:02,442 [WARN] PackLoader:240 - Cannot read IP mode file for STMicroelectronics.FP-ATR-SIGFOX1.3.2.0
2025-07-02 22:01:02,447 [WARN] PackLoader:240 - Cannot read IP mode file for STMicroelectronics.X-CUBE-EEPRMA1.5.1.0
2025-07-02 22:01:02,453 [WARN] PackLoader:240 - Cannot read IP mode file for ITTIA_DB.I-CUBE-ITTIADB.8.9.0
2025-07-02 22:01:02,459 [WARN] PackLoader:240 - Cannot read IP mode file for STMicroelectronics.X-CUBE-ST67W61.1.0.0
2025-07-02 22:01:02,477 [WARN] PackLoader:240 - Cannot read IP mode file for SEGGER.I-CUBE-embOS.1.3.1
2025-07-02 22:01:02,544 [WARN] PackLoader:240 - Cannot read IP mode file for STMicroelectronics.X-CUBE-ALGOBUILD.1.4.0
2025-07-02 22:01:02,573 [WARN] PackLoader:240 - Cannot read IP mode file for STMicroelectronics.X-CUBE-MEMS1.11.3.0
2025-07-02 22:01:02,666 [WARN] PackLoader:240 - Cannot read IP mode file for STMicroelectronics.X-CUBE-PM33A1.1.0.0
2025-07-02 22:01:02,680 [WARN] PackLoader:240 - Cannot read IP mode file for STMicroelectronics.X-CUBE-AZRTOS-F4.1.1.0
2025-07-02 22:01:02,756 [WARN] PackLoader:240 - Cannot read IP mode file for Avnet-IotConnect.X-CUBE-IoTC-DA16k-PMOD.1.0.0
2025-07-02 22:01:02,761 [WARN] PackLoader:240 - Cannot read IP mode file for STMicroelectronics.X-CUBE-ISPU.2.1.0
2025-07-02 22:01:02,775 [WARN] PackLoader:240 - Cannot read IP mode file for STMicroelectronics.X-CUBE-AZRTOS-L5.2.0.0
2025-07-02 22:01:02,783 [WARN] PackLoader:240 - Cannot read IP mode file for STMicroelectronics.X-CUBE-NFC6.3.1.0
2025-07-02 22:01:02,791 [WARN] PackLoader:240 - Cannot read IP mode file for STMicroelectronics.X-CUBE-FREERTOS.1.3.1
2025-07-02 22:01:02,795 [WARN] PackLoader:240 - Cannot read IP mode file for STMicroelectronics.FP-SNS-STAIOTCFT.1.0.0
2025-07-02 22:01:02,801 [WARN] PackLoader:240 - Cannot read IP mode file for STMicroelectronics.X-CUBE-DPower.1.3.0
2025-07-02 22:01:02,820 [WARN] ConditionMgr:438 - getConditionDescription Invalid condition id : LAN8742 Phy interface Condition cause : null
2025-07-02 22:01:02,821 [WARN] PackLoader:240 - Cannot read IP mode file for STMicroelectronics.X-CUBE-AZRTOS-L4.2.0.0
2025-07-02 22:01:02,822 [WARN] ConditionMgr:1044 - genDependencies : Invalid condition id : LAN8742 Phy interface Condition cause : null
2025-07-02 22:01:02,823 [WARN] ConditionMgr:1044 - genDependencies : Invalid condition id : LAN8742 Phy interface Condition cause : null
2025-07-02 22:01:02,824 [WARN] ConditionMgr:1044 - genDependencies : Invalid condition id : LAN8742 Phy interface Condition cause : null
2025-07-02 22:01:02,832 [WARN] PackLoader:240 - Cannot read IP mode file for STMicroelectronics.X-CUBE-SFXS2LP1.4.0.0
2025-07-02 22:01:02,850 [WARN] PackLoader:240 - Cannot read IP mode file for STMicroelectronics.X-CUBE-AZRTOS-H7.3.3.0
2025-07-02 22:01:02,866 [WARN] ConditionMgr:438 - getConditionDescription Invalid condition id : UX DEVICE CLASS RTOS Condition cause : null
2025-07-02 22:01:02,866 [WARN] ConditionMgr:438 - getConditionDescription Invalid condition id : UX DEVICE CLASS RTOS Condition cause : null
2025-07-02 22:01:02,868 [WARN] PackLoader:240 - Cannot read IP mode file for STMicroelectronics.X-CUBE-AZRTOS-WB.2.0.0
2025-07-02 22:01:02,869 [WARN] ConditionMgr:1044 - genDependencies : Invalid condition id : UX DEVICE CLASS RTOS Condition cause : null
2025-07-02 22:01:02,869 [WARN] ConditionMgr:1044 - genDependencies : Invalid condition id : UX DEVICE CLASS RTOS Condition cause : null
2025-07-02 22:01:02,870 [WARN] ConditionMgr:1044 - genDependencies : Invalid condition id : UX DEVICE CLASS RTOS Condition cause : null
2025-07-02 22:01:02,870 [WARN] ConditionMgr:1044 - genDependencies : Invalid condition id : UX DEVICE CLASS RTOS Condition cause : null
2025-07-02 22:01:02,870 [WARN] ConditionMgr:1044 - genDependencies : Invalid condition id : UX DEVICE CLASS RTOS Condition cause : null
2025-07-02 22:01:02,879 [WARN] PackLoader:240 - Cannot read IP mode file for STMicroelectronics.X-CUBE-GNSS1.7.0.1
2025-07-02 22:01:02,898 [WARN] PackLoader:240 - Cannot read IP mode file for STMicroelectronics.X-CUBE-TOUCHGFX.4.25.0
2025-07-02 22:01:02,907 [WARN] PackLoader:240 - Cannot read IP mode file for STMicroelectronics.FP-SNS-STBOX1.2.0.0
2025-07-02 22:01:02,922 [WARN] PackLoader:240 - Cannot read IP mode file for STMicroelectronics.X-CUBE-SUBG2.5.0.0
2025-07-02 22:01:02,942 [WARN] PackLoader:240 - Cannot read IP mode file for STMicroelectronics.X-CUBE-AZRTOS-H7RS.1.1.0
2025-07-02 22:01:02,949 [WARN] PackLoader:240 - Cannot read IP mode file for Cesanta.I-CUBE-Mongoose.7.13.0
2025-07-02 22:01:02,960 [WARN] PackLoader:240 - Cannot read IP mode file for STMicroelectronics.X-CUBE-AZRTOS-G4.2.0.0
2025-07-02 22:01:02,965 [WARN] PackLoader:240 - Cannot read IP mode file for wolfSSL.I-CUBE-wolfSSH.1.4.20
2025-07-02 22:01:02,971 [WARN] PackLoader:240 - Cannot read IP mode file for STMicroelectronics.X-CUBE-NFC7.2.0.0
2025-07-02 22:01:02,982 [WARN] PackLoader:240 - Cannot read IP mode file for STMicroelectronics.X-CUBE-IPS.3.1.0
2025-07-02 22:01:02,989 [WARN] PackLoader:240 - Cannot read IP mode file for STMicroelectronics.X-CUBE-ALS.1.0.2
2025-07-02 22:01:02,995 [WARN] PackLoader:240 - Cannot read IP mode file for portGmbH.I-Cube-SoM-uGOAL.1.1.0
2025-07-02 22:01:03,005 [WARN] PackLoader:240 - Cannot read IP mode file for STMicroelectronics.X-CUBE-TOF1.3.4.3
2025-07-02 22:01:03,014 [INFO] ThirdParty:978 - Integrity check success = true
2025-07-02 22:01:03,014 [INFO] IntegrityCheckThread:100 - exiting critical section [integrity check]
2025-07-02 22:01:03,014 [INFO] IntegrityCheckThread:103 - End integrity checks thread
2025-07-02 22:01:05,813 [INFO] McuFinderGlobals:63 - Set McuFinder mode to 2 (CubeIDE integrated)
2025-07-02 22:01:05,819 [INFO] MainUpdater:2872 - connection check result : 10
2025-07-02 22:01:05,821 [INFO] MainUpdater:2872 - connection check result : 10
2025-07-02 22:01:05,857 [INFO] MicroXplorer:468 - Change Database Path : 
2025-07-02 22:01:05,857 [INFO] MicroXplorer:498 - Change Database Version : DB.6.0.141
2025-07-02 22:01:05,869 [WARN] ThirdParty:871 - waiting for thirdparty lock release [close project]
2025-07-02 22:01:05,869 [INFO] ThirdParty:873 - entering critical section [close project]
2025-07-02 22:01:05,870 [INFO] ThirdParty:883 - exiting critical section [close project]
2025-07-02 22:01:05,871 [INFO] PinOutPanel:1589 - setPackage(No Configuration,No Configuration)
2025-07-02 22:01:05,874 [INFO] UtilMem:75 - Begin LoadConfig() Used Memory: 149709504 Bytes (297795584)
2025-07-02 22:01:05,875 [INFO] MicroXplorer:468 - Change Database Path : 
2025-07-02 22:01:05,875 [INFO] MicroXplorer:498 - Change Database Version : DB.6.0.141
2025-07-02 22:01:05,875 [INFO] OpenFileManager:354 - Change cursor
2025-07-02 22:01:05,891 [INFO] Mcu:2011 - Initializing MCU STM32F411C(C-E)Ux STM32F411CEUx STM32F411CEU6
2025-07-02 22:01:06,695 [INFO] Context:756 - Trying to add GPIOservice into a context  which must be forbidden
2025-07-02 22:01:06,944 [INFO] ImportTextPane:218 - (OptionalMessage_ERROR) Pin49 (VP_RIF_VS_RIF1) cannot be retrieved for this MCU
2025-07-02 22:01:07,007 [INFO] RtosManager:558 - Registered RTOS mode: class=CMSIS, group=RTOS, mode=CMSIS_V1, owner=FREERTOS
2025-07-02 22:01:07,007 [INFO] RtosManager:558 - Registered RTOS mode: class=CMSIS, group=RTOS2, mode=CMSIS_V2, owner=FREERTOS
2025-07-02 22:01:07,007 [INFO] RtosManager:558 - Registered RTOS mode: class=RTOS, group=Core, mode=CMSIS_V1, owner=FREERTOS
2025-07-02 22:01:07,007 [INFO] RtosManager:558 - Registered RTOS mode: class=RTOS, group=Core, mode=CMSIS_V2, owner=FREERTOS
2025-07-02 22:01:07,007 [WARN] ModelIntegratedComponent:184 - Missing modes for component STMicroelectronics:FreeRTOS:0.0.1:STMicroelectronics:RTOS:FreeRTOS:Core:::10.2.0:
2025-07-02 22:01:07,018 [WARN] ModelIntegratedComponent:182 - Modes not found for component STMicroelectronics:USB_HOST:1.0.0:STMicroelectronics:USB::USB Host:Audio HS::1.0:USB_HOST_1_0_RESTRICTED_HS
2025-07-02 22:01:07,018 [WARN] ModelIntegratedComponent:188 - Modes not found for component STMicroelectronics:USB_HOST:1.0.0:STMicroelectronics:USB::USB Host:Audio HS::1.0:USB_HOST_1_0_RESTRICTED_HS
2025-07-02 22:01:07,018 [WARN] ModelIntegratedComponent:182 - Modes not found for component STMicroelectronics:USB_HOST:1.0.0:STMicroelectronics:USB::USB Host:CDC HS::1.0:USB_HOST_1_0_RESTRICTED_HS
2025-07-02 22:01:07,018 [WARN] ModelIntegratedComponent:188 - Modes not found for component STMicroelectronics:USB_HOST:1.0.0:STMicroelectronics:USB::USB Host:CDC HS::1.0:USB_HOST_1_0_RESTRICTED_HS
2025-07-02 22:01:07,018 [WARN] ModelIntegratedComponent:182 - Modes not found for component STMicroelectronics:USB_HOST:1.0.0:STMicroelectronics:USB::USB Host:MSC HS::1.0:USB_HOST_1_0_RESTRICTED_HS
2025-07-02 22:01:07,018 [WARN] ModelIntegratedComponent:188 - Modes not found for component STMicroelectronics:USB_HOST:1.0.0:STMicroelectronics:USB::USB Host:MSC HS::1.0:USB_HOST_1_0_RESTRICTED_HS
2025-07-02 22:01:07,018 [WARN] ModelIntegratedComponent:182 - Modes not found for component STMicroelectronics:USB_HOST:1.0.0:STMicroelectronics:USB::USB Host:HID HS::1.0:USB_HOST_1_0_RESTRICTED_HS
2025-07-02 22:01:07,018 [WARN] ModelIntegratedComponent:188 - Modes not found for component STMicroelectronics:USB_HOST:1.0.0:STMicroelectronics:USB::USB Host:HID HS::1.0:USB_HOST_1_0_RESTRICTED_HS
2025-07-02 22:01:07,018 [WARN] ModelIntegratedComponent:182 - Modes not found for component STMicroelectronics:USB_HOST:1.0.0:STMicroelectronics:USB::USB Host:MTP HS::1.0:USB_HOST_1_0_RESTRICTED_HS
2025-07-02 22:01:07,019 [WARN] ModelIntegratedComponent:188 - Modes not found for component STMicroelectronics:USB_HOST:1.0.0:STMicroelectronics:USB::USB Host:MTP HS::1.0:USB_HOST_1_0_RESTRICTED_HS
2025-07-02 22:01:07,026 [WARN] ModelIntegratedComponent:63 - No mode defined for component null
2025-07-02 22:01:07,026 [WARN] ModelIntegratedComponent:63 - No mode defined for component null
2025-07-02 22:01:07,026 [WARN] ModelIntegratedComponent:63 - No mode defined for component null
2025-07-02 22:01:07,026 [WARN] ModelIntegratedComponent:63 - No mode defined for component null
2025-07-02 22:01:07,026 [WARN] ModelIntegratedComponent:63 - No mode defined for component null
2025-07-02 22:01:07,026 [WARN] ModelIntegratedComponent:63 - No mode defined for component null
2025-07-02 22:01:07,027 [WARN] ModelIntegratedComponent:63 - No mode defined for component null
2025-07-02 22:01:07,027 [WARN] ModelIntegratedComponent:63 - No mode defined for component null
2025-07-02 22:01:07,027 [WARN] ModelIntegratedComponent:63 - No mode defined for component null
2025-07-02 22:01:07,027 [WARN] ModelIntegratedComponent:63 - No mode defined for component null
2025-07-02 22:01:07,027 [WARN] ModelIntegratedComponent:63 - No mode defined for component null
2025-07-02 22:01:07,027 [WARN] ModelIntegratedComponent:63 - No mode defined for component null
2025-07-02 22:01:07,027 [WARN] ModelIntegratedComponent:63 - No mode defined for component null
2025-07-02 22:01:07,027 [WARN] ModelIntegratedComponent:63 - No mode defined for component null
2025-07-02 22:01:07,027 [WARN] ModelIntegratedComponent:63 - No mode defined for component null
2025-07-02 22:01:07,027 [WARN] ModelIntegratedComponent:63 - No mode defined for component null
2025-07-02 22:01:07,027 [WARN] ModelIntegratedComponent:63 - No mode defined for component null
2025-07-02 22:01:07,027 [WARN] ModelIntegratedComponent:63 - No mode defined for component null
2025-07-02 22:01:07,027 [WARN] ModelIntegratedComponent:63 - No mode defined for component null
2025-07-02 22:01:07,027 [WARN] ModelIntegratedComponent:63 - No mode defined for component null
2025-07-02 22:01:07,027 [WARN] ModelIntegratedComponent:63 - No mode defined for component null
2025-07-02 22:01:07,027 [WARN] ModelIntegratedComponent:63 - No mode defined for component null
2025-07-02 22:01:07,027 [WARN] ModelIntegratedComponent:63 - No mode defined for component null
2025-07-02 22:01:07,027 [WARN] ModelIntegratedComponent:63 - No mode defined for component null
2025-07-02 22:01:07,027 [WARN] ModelIntegratedComponent:63 - No mode defined for component null
2025-07-02 22:01:07,027 [WARN] ModelIntegratedComponent:63 - No mode defined for component null
2025-07-02 22:01:07,027 [WARN] ModelIntegratedComponent:63 - No mode defined for component null
2025-07-02 22:01:07,027 [WARN] ModelIntegratedComponent:63 - No mode defined for component null
2025-07-02 22:01:07,028 [WARN] ModelIntegratedComponent:63 - No mode defined for component null
2025-07-02 22:01:07,028 [WARN] ModelIntegratedComponent:63 - No mode defined for component null
2025-07-02 22:01:07,028 [WARN] ModelIntegratedComponent:63 - No mode defined for component null
2025-07-02 22:01:07,028 [WARN] ModelIntegratedComponent:63 - No mode defined for component null
2025-07-02 22:01:07,028 [WARN] ModelIntegratedComponent:63 - No mode defined for component null
2025-07-02 22:01:07,028 [WARN] ModelIntegratedComponent:63 - No mode defined for component null
2025-07-02 22:01:07,028 [WARN] ModelIntegratedComponent:63 - No mode defined for component null
2025-07-02 22:01:07,028 [WARN] ModelPack:524 - Component already loaded: STMicroelectronics:HAL Drivers:0.0.0:STMicroelectronics:Device:STMicro_Driver:XSPI:HAL::0.0.1:HAL_XSPI
2025-07-02 22:01:07,089 [WARN] ModelIntegratedComponent:182 - Modes not found for component STMicroelectronics:USB_DEVICE:1.0.0:STMicroelectronics:USB::USB Device:Audio HS::1.0:USB_DEVICE_1_0_RESTRICTED_HS
2025-07-02 22:01:07,090 [WARN] ModelIntegratedComponent:188 - Modes not found for component STMicroelectronics:USB_DEVICE:1.0.0:STMicroelectronics:USB::USB Device:Audio HS::1.0:USB_DEVICE_1_0_RESTRICTED_HS
2025-07-02 22:01:07,090 [WARN] ModelIntegratedComponent:182 - Modes not found for component STMicroelectronics:USB_DEVICE:1.0.0:STMicroelectronics:USB::USB Device:CDC HS::1.0:USB_DEVICE_1_0_RESTRICTED_HS
2025-07-02 22:01:07,090 [WARN] ModelIntegratedComponent:188 - Modes not found for component STMicroelectronics:USB_DEVICE:1.0.0:STMicroelectronics:USB::USB Device:CDC HS::1.0:USB_DEVICE_1_0_RESTRICTED_HS
2025-07-02 22:01:07,090 [WARN] ModelIntegratedComponent:182 - Modes not found for component STMicroelectronics:USB_DEVICE:1.0.0:STMicroelectronics:USB::USB Device:DFU HS::1.0:USB_DEVICE_1_0_RESTRICTED_HS
2025-07-02 22:01:07,090 [WARN] ModelIntegratedComponent:188 - Modes not found for component STMicroelectronics:USB_DEVICE:1.0.0:STMicroelectronics:USB::USB Device:DFU HS::1.0:USB_DEVICE_1_0_RESTRICTED_HS
2025-07-02 22:01:07,090 [WARN] ModelIntegratedComponent:182 - Modes not found for component STMicroelectronics:USB_DEVICE:1.0.0:STMicroelectronics:USB::USB Device:HID HS::1.0:USB_DEVICE_1_0_RESTRICTED_HS
2025-07-02 22:01:07,090 [WARN] ModelIntegratedComponent:188 - Modes not found for component STMicroelectronics:USB_DEVICE:1.0.0:STMicroelectronics:USB::USB Device:HID HS::1.0:USB_DEVICE_1_0_RESTRICTED_HS
2025-07-02 22:01:07,090 [WARN] ModelIntegratedComponent:182 - Modes not found for component STMicroelectronics:USB_DEVICE:1.0.0:STMicroelectronics:USB::USB Device:Custom HID HS::1.0:USB_DEVICE_1_0_RESTRICTED_HS
2025-07-02 22:01:07,090 [WARN] ModelIntegratedComponent:188 - Modes not found for component STMicroelectronics:USB_DEVICE:1.0.0:STMicroelectronics:USB::USB Device:Custom HID HS::1.0:USB_DEVICE_1_0_RESTRICTED_HS
2025-07-02 22:01:07,090 [WARN] ModelIntegratedComponent:182 - Modes not found for component STMicroelectronics:USB_DEVICE:1.0.0:STMicroelectronics:USB::USB Device:MSC HS::1.0:USB_DEVICE_1_0_RESTRICTED_HS
2025-07-02 22:01:07,090 [WARN] ModelIntegratedComponent:188 - Modes not found for component STMicroelectronics:USB_DEVICE:1.0.0:STMicroelectronics:USB::USB Device:MSC HS::1.0:USB_DEVICE_1_0_RESTRICTED_HS
2025-07-02 22:01:07,106 [INFO] ThirdPartyModel:298 - Start build external matchings
2025-07-02 22:01:07,328 [INFO] ThirdPartyModel:316 - End build external matchings
2025-07-02 22:01:07,340 [INFO] RtosManager:967 - Current active RTOS is FREERTOS [Cortex-M4NS]
2025-07-02 22:01:07,354 [INFO] ImportTextPane:218 - (OptionalMessage_ERROR) IP (RCC) : Parameter (RTCHSEDivFreq_Value) has invalid value (12500000)
2025-07-02 22:01:07,902 [INFO] ApiDb:581 - Connected to CubeFinder SQLite database (C:\Users\jesfi\.stmcufinder\plugins\mcufinder\mcu\cube-finder-db.db)
2025-07-02 22:01:07,999 [INFO] ApiDb:668 - CubeFinder database Data Model version=2.1
2025-07-02 22:01:07,999 [INFO] ApiDb:669 - CubeFinder database Configuration version=3.0.39
2025-07-02 22:01:07,999 [INFO] ApiDb:670 - CubeFinder database generation date=2025-06-16 (1750072209)
2025-07-02 22:01:07,999 [INFO] ApiDb:671 - CubeFinder database FW Pack versions=[FP-ATR-ASTRA1_V2.0.0, FP-SNS-FLIGHT1_V5.1.0, FP-SNS-MOTENV1_V5.0.0, FP-SNS-MOTENVWB1_V1.4.0, FP-SNS-SMARTAG2_V1.2.0, FP-SNS-STBOX1_V2.0.0, STM32Cube_FW_C0_V1.4.0, STM32Cube_FW_F4_V1.28.2, STM32Cube_FW_F7_V1.17.3, STM32Cube_FW_G0_V1.6.2, STM32Cube_FW_G4_V1.6.1, STM32Cube_FW_H5_V1.5.0, STM32Cube_FW_H7RS_V1.2.0, STM32Cube_FW_H7_V1.12.1, STM32Cube_FW_L0_V1.12.2, STM32Cube_FW_L4_V1.18.1, STM32Cube_FW_L5_V1.5.1, STM32Cube_FW_N6_V1.1.1, STM32Cube_FW_U0_V1.2.0, STM32Cube_FW_U3_V1.1.0, STM32Cube_FW_U5_V1.7.0, STM32Cube_FW_WB0_V1.2.0, STM32Cube_FW_WBA_V1.6.0, STM32Cube_FW_WB_V1.22.0, STM32Cube_FW_WL3_V1.1.0, STM32Cube_FW_WL_V1.3.1, X-CUBE-ALGOBUILD_V1.4.0, X-CUBE-ALS_V1.0.2, X-CUBE-AZRTOS-F4_V1.1.0, X-CUBE-AZRTOS-F7_V1.1.0, X-CUBE-AZRTOS-G0_V1.1.0, X-CUBE-AZRTOS-G4_V2.0.0, X-CUBE-AZRTOS-H7RS_V1.1.0, X-CUBE-AZRTOS-H7_V3.3.0, X-CUBE-AZRTOS-L4_V2.0.0, X-CUBE-AZRTOS-L5_V2.0.0, X-CUBE-AZRTOS-WB_V2.0.0, X-CUBE-AZRTOS-WL_V2.0.0, X-CUBE-BLE1_V7.1.0, X-CUBE-BLE2_V3.3.0, X-CUBE-BLEMGR_V4.0.0, X-CUBE-EEPRMA1_V5.1.0, X-CUBE-FREERTOS_V1.3.1, X-CUBE-GNSS1_V6.0.0, X-CUBE-MEMS1_V11.3.0, X-CUBE-NFC4_V3.0.0, X-CUBE-NFC7_V2.0.0, X-CUBE-SFXS2LP1_V4.0.0, X-CUBE-SUBG2_V5.0.0, X-CUBE-TOF1_V3.4.3]
2025-07-02 22:01:08,113 [INFO] DbBoardsSqlite:226 - include board P-NUCLEO-WB55-NUCLEO as a kit item of type 'Nucleo-64'
2025-07-02 22:01:08,113 [INFO] DbBoardsSqlite:226 - include board P-NUCLEO-WB55-USBDONGLE as a kit item of type 'Nucleo USB Dongle'
2025-07-02 22:01:08,115 [INFO] DbBoardsSqlite:226 - include board STEVAL-IDP005V1 as a kit item of type 'Evaluation Board'
2025-07-02 22:01:08,116 [INFO] DbBoardsSqlite:226 - include board STEVAL-IDP005V2 as a kit item of type 'Evaluation Board'
2025-07-02 22:01:08,551 [INFO] ApiDb:240 - Found 895 in-development CPN: [B-G473E-ZEST1S, B-WB1M-WPAN1, B-WBA5M-WPAN, B-WL5M-SUBG1, NUCLEO-C031C6, NUCLEO-C051C8, NUCLEO-C071RB, NUCLEO-C092RC, NUCLEO-H503RB, NUCLEO-H533RE, NUCLEO-H563ZI, NUCLEO-H7S3L8, NUCLEO-N657X0-Q, NUCLEO-U031R8, NUCLEO-U083RC, NUCLEO-U385RG-Q, NUCLEO-U545RE-Q, NUCLEO-U5A5ZJ-Q, NUCLEO-WB05KZ, NUCLEO-WB07CC, NUCLEO-WB09KE, NUCLEO-WBA52CG, NUCLEO-WBA55CG, NUCLEO-WBA65RI, NUCLEO-WL33CC1, NUCLEO-WL33CC2, STEVAL-PROTEUS1, STEVAL-SMARTAG2, STEVAL-STWINBX1, STM320518-EVAL, STM32C0116-DK, STM32C011D6Y3TR, STM32C011D6Y6TR, STM32C011F4P3, STM32C011F4P6, STM32C011F4U3, STM32C011F4U6TR, STM32C011F6P3, STM32C011F6P6, STM32C011F6U3, STM32C011F6U6TR, STM32C011J4M3, STM32C011J4M6, STM32C011J6M3, STM32C011J6M6, STM32C0316-DK, STM32C031C4T3, STM32C031C4T6, STM32C031C4U3, STM32C031C4U6, STM32C031C6T3, STM32C031C6T6, STM32C031C6U3, STM32C031C6U6, STM32C031F4P3, STM32C031F4P6, STM32C031F6P3, STM32C031F6P6, STM32C031G4U3, STM32C031G4U6, STM32C031G6U3, STM32C031G6U6, STM32C031K4T3, STM32C031K4T6, STM32C031K4U3, STM32C031K4U6, STM32C031K6T3, STM32C031K6T6, STM32C031K6U3, STM32C031K6U6, STM32C051C6T6, STM32C051C6U6, STM32C051C8T6, STM32C051C8U6, STM32C051D8Y6TR, STM32C051F6P6, STM32C051F8P6, STM32C051G6U6, STM32C051G8U6, STM32C051K6T6, STM32C051K6U6, STM32C051K8T6, STM32C071C8T6, STM32C071C8T6N, STM32C071C8U6, STM32C071C8U6N, STM32C071CBT6, STM32C071CBT6N, STM32C071CBU6, STM32C071CBU6N, STM32C071F8P6, STM32C071F8P6N, STM32C071FBP6, STM32C071FBP6N, STM32C071FBY6TR, STM32C071G8U6, STM32C071G8U6N, STM32C071GBU6, STM32C071GBU6N, STM32C071K8T6, STM32C071K8T6N, STM32C071K8U6, STM32C071K8U6N, STM32C071KBT6, STM32C071KBT6N, STM32C071KBU6, STM32C071KBU6N, STM32C071R8T6, STM32C071R8T6N, STM32C071RBI6N, STM32C071RBT6, STM32C071RBT6N, STM32C091CBT6, STM32C091CBU6, STM32C091CCT6, STM32C091CCU6, STM32C091ECY6TR, STM32C091FBP6, STM32C091FCP6, STM32C091GBU6, STM32C091GCU6, STM32C091KBT6, STM32C091KBU6, STM32C091KCT6, STM32C091KCU6, STM32C091RBT6, STM32C091RCI6, STM32C091RCT6, STM32C092CBT6, STM32C092CBU6, STM32C092CCT6, STM32C092CCU6, STM32C092ECY6TR, STM32C092FBP6, STM32C092FCP6, STM32C092GBU6, STM32C092GCU6, STM32C092KBT6, STM32C092KBU6, STM32C092KCT6, STM32C092KCU6, STM32C092RBT6, STM32C092RCI6, STM32C092RCT6, STM32G071K8TXN, STM32G071K8UXN, STM32G081GBU6N, STM32G081KBT6N, STM32G081KBUXN, STM32G0B1CCT6N, STM32G0B1KCT6, STM32G0B1NEY6TR, STM32G0B1RCT6N, STM32G0C1CCT6, STM32G0C1CCT6N, STM32G0C1CCU6N, STM32G0C1CET6N, STM32G0C1CEU6N, STM32G0C1KCT6, STM32G0C1NEY6TR, STM32G0C1RCI6N, STM32G0C1RCT6N, STM32G0C1REI6N, STM32G0C1RET6N, STM32G0C1VCI6, STM32G0C1VEI6, STM32G411C6T3, STM32G411C6T6, STM32G411C6U3, STM32G411C6U6, STM32G411C8T3, STM32G411C8T6, STM32G411C8U3, STM32G411C8U6, STM32G411CBT3, STM32G411CBT6, STM32G411CBU3, STM32G411CBU6, STM32G411CCT3, STM32G411CCT6, STM32G411CCU3, STM32G411CCU6, STM32G411K6T3, STM32G411K6T6, STM32G411K6U3, STM32G411K6U6, STM32G411K8T3, STM32G411K8T6, STM32G411K8U3, STM32G411K8U6, STM32G411KBT3, STM32G411KBT6, STM32G411KBU3, STM32G411KBU6, STM32G411M6T3, STM32G411M6T6, STM32G411M8T3, STM32G411M8T6, STM32G411MBT3, STM32G411MBT6, STM32G411MCT3, STM32G411MCT6, STM32G411R6T3, STM32G411R6T6, STM32G411R8T3, STM32G411R8T6, STM32G411RBT3, STM32G411RBT6, STM32G411RCT3, STM32G411RCT6, STM32G414CBT3, STM32G414CBT6, STM32G414CBU3, STM32G414CBU6, STM32G414CCT3, STM32G414CCT6, STM32G414CCU3, STM32G414CCU6, STM32G414MBT3, STM32G414MBT6, STM32G414MCT3, STM32G414MCT6, STM32G414RBT3, STM32G414RBT6, STM32G414RCT3, STM32G414RCT6, STM32G414VBT3, STM32G414VBT6, STM32G414VCT3, STM32G414VCT6, STM32G431CBT3Z, STM32G431RBT3Z, STM32G471CCT6, STM32G471CCU6, STM32G471CET3, STM32G471CET6, STM32G471CEU3, STM32G471CEU6, STM32G471MCT6, STM32G471MET3, STM32G471MET6, STM32G471MEY6TR, STM32G471QCT6, STM32G471QET3, STM32G471RCT6, STM32G471RET3, STM32G471RET6, STM32G471VCH6, STM32G471VCI6, STM32G471VCT6, STM32G471VEH3, STM32G471VEH6, STM32G471VEI3, STM32G471VEI6, STM32G471VET3, STM32G471VET6, STM32G473QET3Z, STM32G473RET3Z, STM32G474CCT6, STM32G491RET3Z, STM32H503CBT6, STM32H503CBU6, STM32H503EBY6TR, STM32H503KBU6, STM32H503RBT6, STM32H523CCT6, STM32H523CCU6, STM32H523CET6, STM32H523CEU6, STM32H523HEY6TR, STM32H523RCT6, STM32H523RET6, STM32H523VCI6, STM32H523VCT6, STM32H523VEI6, STM32H523VET6, STM32H523ZCJ6, STM32H523ZCT6, STM32H523ZEJ6, STM32H523ZET6, STM32H533CET6, STM32H533CEU6, STM32H533HEY6TR, STM32H533RET6, STM32H533VEI6, STM32H533VET6, STM32H533ZEJ6, STM32H533ZET6, STM32H562AGI6, STM32H562AII6, STM32H562IGK6, STM32H562IGT6, STM32H562IIK6, STM32H562IIT6, STM32H562RGT6, STM32H562RGV6, STM32H562RIT6, STM32H562RIV6, STM32H562VGT6, STM32H562VIT6, STM32H562ZGT6, STM32H562ZIT6, STM32H563AGI6, STM32H563AII3Q, STM32H563AII6, STM32H563IGK6, STM32H563IGT6, STM32H563IIK3Q, STM32H563IIK6, STM32H563IIT3Q, STM32H563IIT6, STM32H563MIY3QTR, STM32H563RGT6, STM32H563RGV6, STM32H563RIT6, STM32H563RIV6, STM32H563VGT6, STM32H563VIT3Q, STM32H563VIT6, STM32H563ZGT6, STM32H563ZIT3Q, STM32H563ZIT6, STM32H573AII3Q, STM32H573AII6, STM32H573I-DK, STM32H573IIK3Q, STM32H573IIK6, STM32H573IIT3Q, STM32H573IIT6, STM32H573MIY3QTR, STM32H573RIT6, STM32H573RIV6, STM32H573VIT3Q, STM32H573VIT6, STM32H573ZIT3Q, STM32H573ZIT6, STM32H7R3A8I6, STM32H7R3I8K6, STM32H7R3I8T6, STM32H7R3L8H6, STM32H7R3L8H6H, STM32H7R3R8V6, STM32H7R3V8H6, STM32H7R3V8T6, STM32H7R3V8Y6TR, STM32H7R3Z8J6, STM32H7R3Z8T6, STM32H7R7A8I6, STM32H7R7I8K6, STM32H7R7I8T6, STM32H7R7L8H6, STM32H7R7L8H6H, STM32H7R7Z8J6, STM32H7S3A8I6, STM32H7S3I8K6, STM32H7S3I8T6, STM32H7S3L8H6, STM32H7S3L8H6H, STM32H7S3R8V6, STM32H7S3V8H6, STM32H7S3V8T6, STM32H7S3V8Y6TR, STM32H7S3Z8J6, STM32H7S3Z8T6, STM32H7S78-DK, STM32H7S7A8I6, STM32H7S7I8K6, STM32H7S7I8T6, STM32H7S7L8H6, STM32H7S7L8H6H, STM32H7S7Z8J6, STM32L4R5QGI6STR, STM32MP131AAE3, STM32MP131AAF3, STM32MP131AAG3, STM32MP131CAE3, STM32MP131CAF3, STM32MP131CAG3, STM32MP131DAE7, STM32MP131DAF7, STM32MP131DAG7, STM32MP131FAE7, STM32MP131FAF7, STM32MP131FAG7, STM32MP133AAE3, STM32MP133AAF3, STM32MP133AAG3, STM32MP133CAE3, STM32MP133CAF3, STM32MP133CAG3, STM32MP133DAE7, STM32MP133DAF7, STM32MP133DAG7, STM32MP133FAE7, STM32MP133FAF7, STM32MP133FAG7, STM32MP135AAE3, STM32MP135AAF3, STM32MP135AAG3, STM32MP135CAE3, STM32MP135CAF3, STM32MP135CAG3, STM32MP135DAE7, STM32MP135DAF7, STM32MP135DAG7, STM32MP135F-DK, STM32MP135FAE7, STM32MP135FAF7, STM32MP135FAF7T, STM32MP135FAF7U, STM32MP135FAG7, STM32MP231AAJ3, STM32MP231AAK3, STM32MP231AAL3, STM32MP231CAJ3, STM32MP231CAK3, STM32MP231CAL3, STM32MP231DAJ3, STM32MP231DAK3, STM32MP231DAL3, STM32MP231FAJ3, STM32MP231FAK3, STM32MP231FAL3, STM32MP233AAJ3, STM32MP233AAK3, STM32MP233AAL3, STM32MP233CAJ3, STM32MP233CAK3, STM32MP233CAL3, STM32MP233DAJ3, STM32MP233DAK3, STM32MP233DAL3, STM32MP233FAJ3, STM32MP233FAK3, STM32MP233FAL3, STM32MP235AAJ3, STM32MP235AAK3, STM32MP235AAL3, STM32MP235CAJ3, STM32MP235CAK3, STM32MP235CAL3, STM32MP235DAJ3, STM32MP235DAK3, STM32MP235DAL3, STM32MP235FAJ3, STM32MP235FAK3, STM32MP235FAL3, STM32MP251AAI3, STM32MP251AAJ3, STM32MP251AAK3, STM32MP251AAL3, STM32MP251CAI3, STM32MP251CAJ3, STM32MP251CAK3, STM32MP251CAL3, STM32MP251DAI3, STM32MP251DAJ3, STM32MP251DAK3, STM32MP251DAL3, STM32MP251FAI3, STM32MP251FAJ3, STM32MP251FAK3, STM32MP251FAL3, STM32MP253AAI3, STM32MP253AAJ3, STM32MP253AAK3, STM32MP253AAL3, STM32MP253CAI3, STM32MP253CAJ3, STM32MP253CAK3, STM32MP253CAL3, STM32MP253DAI3, STM32MP253DAJ3, STM32MP253DAK3, STM32MP253DAL3, STM32MP253FAI3, STM32MP253FAJ3, STM32MP253FAK3, STM32MP253FAL3, STM32MP255AAI3, STM32MP255AAJ3, STM32MP255AAK3, STM32MP255AAL3, STM32MP255CAI3, STM32MP255CAJ3, STM32MP255CAK3, STM32MP255CAL3, STM32MP255DAI3, STM32MP255DAJ3, STM32MP255DAK3, STM32MP255DAL3, STM32MP255FAI3, STM32MP255FAJ3, STM32MP255FAK3, STM32MP255FAL3, STM32MP257AAI3, STM32MP257AAJ3, STM32MP257AAK3, STM32MP257AAL3, STM32MP257CAI3, STM32MP257CAJ3, STM32MP257CAK3, STM32MP257CAL3, STM32MP257DAI3, STM32MP257DAJ3, STM32MP257DAK3, STM32MP257DAL3, STM32MP257F-DK, STM32MP257F-EV1, STM32MP257FAI3, STM32MP257FAJ3, STM32MP257FAK3, STM32MP257FAL3, STM32N645A0H3Q, STM32N645B0H3Q, STM32N645I0H3Q, STM32N645L0H3Q, STM32N645X0H3Q, STM32N645Z0H3Q, STM32N647A0H3Q, STM32N647B0H3Q, STM32N647I0H3Q, STM32N647L0H3Q, STM32N647X0H3Q, STM32N647Z0H3Q, STM32N655A0H3Q, STM32N655B0H3Q, STM32N655I0H3Q, STM32N655L0H3Q, STM32N655X0H3Q, STM32N655Z0H3Q, STM32N6570-DK, STM32N657A0H3Q, STM32N657B0H3Q, STM32N657I0H3Q, STM32N657L0H3Q, STM32N657X0H3Q, STM32N657Z0H3Q, STM32U031C6T6, STM32U031C6U6, STM32U031C8T6, STM32U031C8U6, STM32U031F4P6, STM32U031F6P6, STM32U031F8P6, STM32U031G6Y6TR, STM32U031G8Y6TR, STM32U031K4U6, STM32U031K6U6, STM32U031K8U6, STM32U031R6I6, STM32U031R6T6, STM32U031R8I6, STM32U031R8T6, STM32U073C8T6, STM32U073C8U6, STM32U073CBT6, STM32U073CBU6, STM32U073CCT6, STM32U073CCU6, STM32U073H8Y6TR, STM32U073HBY6TR, STM32U073HCY6TR, STM32U073K8U6, STM32U073KBU6, STM32U073KCU6, STM32U073M8I6, STM32U073M8T6, STM32U073MBI6, STM32U073MBT6, STM32U073MCI6, STM32U073MCT6, STM32U073R8I6, STM32U073R8T6, STM32U073RBI6, STM32U073RBT6, STM32U073RCI6, STM32U073RCT6, STM32U083C-DK, STM32U083CCT6, STM32U083CCU6, STM32U083HCY6TR, STM32U083KCU6, STM32U083MCI6, STM32U083MCT6, STM32U083RCI6, STM32U083RCT6, STM32U375CET6, STM32U375CET6Q, STM32U375CEU6, STM32U375CEU6Q, STM32U375CEY6QTR, STM32U375CGT6, STM32U375CGT6Q, STM32U375CGU6, STM32U375CGU6Q, STM32U375CGY6QTR, STM32U375KEU6, STM32U375KGU6, STM32U375REI6, STM32U375REI6Q, STM32U375RET6, STM32U375RET6Q, STM32U375REY6GTR, STM32U375REY6QTR, STM32U375RGI6, STM32U375RGI6Q, STM32U375RGT6, STM32U375RGT6Q, STM32U375RGY6GTR, STM32U375RGY6QTR, STM32U375VEI6, STM32U375VEI6Q, STM32U375VET6, STM32U375VET6Q, STM32U375VGI6, STM32U375VGI6Q, STM32U375VGT6, STM32U375VGT6Q, STM32U385CGT6, STM32U385CGT6Q, STM32U385CGU6, STM32U385CGU6Q, STM32U385CGY6QTR, STM32U385KGU6, STM32U385RGI6, STM32U385RGI6Q, STM32U385RGT6, STM32U385RGT6Q, STM32U385RGY6GTR, STM32U385RGY6QTR, STM32U385VGI6, STM32U385VGI6Q, STM32U385VGT6, STM32U385VGT6Q, STM32U535CBT6, STM32U535CBT6Q, STM32U535CBU6, STM32U535CBU6Q, STM32U535CCT6, STM32U535CCT6Q, STM32U535CCU6, STM32U535CCU6Q, STM32U535CET6, STM32U535CET6Q, STM32U535CEU6, STM32U535CEU6Q, STM32U535JEY6QTR, STM32U535NCY6QTR, STM32U535NEY6QTR, STM32U535RBI6, STM32U535RBI6Q, STM32U535RBT6, STM32U535RBT6Q, STM32U535RCI6, STM32U535RCI6Q, STM32U535RCT6, STM32U535RCT6Q, STM32U535REI6, STM32U535REI6Q, STM32U535RET6, STM32U535RET6Q, STM32U535VCI6, STM32U535VCI6Q, STM32U535VCT6, STM32U535VCT6Q, STM32U535VEI6, STM32U535VEI6Q, STM32U535VET6, STM32U535VET6Q, STM32U545CET6, STM32U545CET6Q, STM32U545CEU6, STM32U545CEU6Q, STM32U545JEY6QTR, STM32U545NEY6QTR, STM32U545REI6, STM32U545REI6Q, STM32U545RET6, STM32U545RET6Q, STM32U545VEI6, STM32U545VEI6Q, STM32U545VET6, STM32U545VET6Q, STM32U595AIH6, STM32U595AIH6Q, STM32U595AJH6, STM32U595AJH6Q, STM32U595QII6, STM32U595QII6Q, STM32U595QJI6, STM32U595QJI6Q, STM32U595RIT6, STM32U595RIT6Q, STM32U595RJT6, STM32U595RJT6Q, STM32U595VIT6, STM32U595VIT6Q, STM32U595VJT6, STM32U595VJT6Q, STM32U595ZIT6, STM32U595ZIT6Q, STM32U595ZIY6QTR, STM32U595ZJT6, STM32U595ZJT6Q, STM32U595ZJY6QTR, STM32U599BJY6QTR, STM32U599NIH6Q, STM32U599NJH6Q, STM32U599VIT6Q, STM32U599VJT6, STM32U599VJT6Q, STM32U599ZIT6Q, STM32U599ZIY6QTR, STM32U599ZJT6Q, STM32U599ZJY6QTR, STM32U5A5AJH6, STM32U5A5AJH6Q, STM32U5A5QII3Q , STM32U5A5QJI6, STM32U5A5QJI6Q, STM32U5A5RJT6, STM32U5A5RJT6Q, STM32U5A5VJT6, STM32U5A5VJT6Q, STM32U5A5ZJT6, STM32U5A5ZJT6Q, STM32U5A5ZJY6QTR, STM32U5A9BJY6QTR, STM32U5A9J-DK, STM32U5A9NJH6Q, STM32U5A9VJT6Q, STM32U5A9ZJT6Q, STM32U5A9ZJY6QTR, STM32U5F7VIT6, STM32U5F7VIT6Q, STM32U5F7VJT6, STM32U5F7VJT6Q, STM32U5F9BJY6QTR, STM32U5F9NJH6Q, STM32U5F9VIT6Q, STM32U5F9VJT6Q, STM32U5F9ZIJ6QTR, STM32U5F9ZIT6Q, STM32U5F9ZJJ6QTR, STM32U5F9ZJT6Q, STM32U5G7VJT6, STM32U5G7VJT6Q, STM32U5G9BJY6QTR, STM32U5G9J-DK1, STM32U5G9J-DK2, STM32U5G9NJH6Q, STM32U5G9VJT6Q, STM32U5G9ZJJ6QTR, STM32U5G9ZJT6Q, STM32WB05KZV6TR, STM32WB05KZV7TR, STM32WB05TZF6TR, STM32WB05TZF7TR, STM32WB06CCF6TR, STM32WB06CCF7TR, STM32WB06CCV6TR, STM32WB06CCV7TR, STM32WB06KCV6TR, STM32WB06KCV7TR, STM32WB07CCF6TR, STM32WB07CCF7TR, STM32WB07CCV6TR, STM32WB07CCV7TR, STM32WB07KCV6TR, STM32WB07KCV7TR, STM32WB09KEV6TR, STM32WB09KEV7TR, STM32WB09TEF6TR, STM32WB09TEF7TR, STM32WB1MMCH6, STM32WBA50KGU6, STM32WBA50KGU6TR, STM32WBA52CEU6, STM32WBA52CEU6TR, STM32WBA52CEU7, STM32WBA52CEU7TR, STM32WBA52CGU6, STM32WBA52CGU6TR, STM32WBA52CGU6U, STM32WBA52CGU7, STM32WBA52CGU7TR, STM32WBA52KEU6, STM32WBA52KEU6TR, STM32WBA52KGU6, STM32WBA52KGU6TR, STM32WBA54CEU6, STM32WBA54CEU6TR, STM32WBA54CEU7, STM32WBA54CEU7TR, STM32WBA54CGU6, STM32WBA54CGU6TR, STM32WBA54CGU7, STM32WBA54CGU7TR, STM32WBA54KEU6, STM32WBA54KEU6TR, STM32WBA54KEU7, STM32WBA54KEU7TR, STM32WBA54KGU6, STM32WBA54KGU6TR, STM32WBA54KGU7, STM32WBA54KGU7TR, STM32WBA55CEU6, STM32WBA55CEU6TR, STM32WBA55CEU7, STM32WBA55CEU7TR, STM32WBA55CGU6, STM32WBA55CGU6TR, STM32WBA55CGU6U, STM32WBA55CGU7, STM32WBA55CGU7TR, STM32WBA55G-DK1, STM32WBA55HEF6, STM32WBA55HEF7, STM32WBA55HGF6, STM32WBA55HGF7, STM32WBA55UEI6, STM32WBA55UEI6TR, STM32WBA55UEI7, STM32WBA55UEI7TR, STM32WBA55UGI6, STM32WBA55UGI6TR, STM32WBA55UGI7, STM32WBA55UGI7TR, STM32WBA5MJGH6TR, STM32WBA62CGU6, STM32WBA62CIU6, STM32WBA62MGF6, STM32WBA62MIF6, STM32WBA62PGI6, STM32WBA62PII6, STM32WBA63CGU6, STM32WBA63CGU7, STM32WBA63CIU6, STM32WBA63CIU7, STM32WBA64CGU6, STM32WBA64CGU7, STM32WBA64CIU6, STM32WBA64CIU7, STM32WBA65CGU6, STM32WBA65CGU7, STM32WBA65CIU6, STM32WBA65CIU7, STM32WBA65I-DK1, STM32WBA65MGF6, STM32WBA65MGF7, STM32WBA65MIF6, STM32WBA65MIF7, STM32WBA65PGI6, STM32WBA65PGI7, STM32WBA65PII6, STM32WBA65PII7, STM32WBA65RGV6, STM32WBA65RGV7, STM32WBA65RIV6, STM32WBA65RIV7, STM32WL30K8V6, STM32WL30KBV6, STM32WL31C8V6, STM32WL31CBV6, STM32WL31K8V6, STM32WL31KBV6, STM32WL33C8V6, STM32WL33C8V6TR, STM32WL33C8V7, STM32WL33C8V7TR, STM32WL33CBV6, STM32WL33CBV6TR, STM32WL33CBV7, STM32WL33CBV7TR, STM32WL33CCV6, STM32WL33CCV6TR, STM32WL33CCV7, STM32WL33CCV7A, STM32WL33CCV7ATR, STM32WL33CCV7TR, STM32WL33K8V6, STM32WL33K8V6TR, STM32WL33K8V7, STM32WL33K8V7TR, STM32WL33KBV6, STM32WL33KBV6TR, STM32WL33KBV7, STM32WL33KBV7TR, STM32WL33KCV6, STM32WL33KCV6TR, STM32WL33KCV7, STM32WL33KCV7TR, STM32WL5MOCH6, STM32WL5MOCH6TR]
2025-07-02 22:01:08,773 [INFO] BoardInfo:889 - No configuration file found for board P-NUCLEO-WB55
2025-07-02 22:01:08,774 [INFO] DbBoards:161 - Kit is not supported: P-NUCLEO-WB55
2025-07-02 22:01:08,780 [INFO] BoardInfo:889 - No configuration file found for board STEVAL-BFA001V1B
2025-07-02 22:01:08,781 [INFO] DbBoards:161 - Kit is not supported: STEVAL-BFA001V1B
2025-07-02 22:01:08,782 [INFO] BoardInfo:889 - No configuration file found for board STEVAL-BFA001V2B
2025-07-02 22:01:08,784 [INFO] DbBoards:161 - Kit is not supported: STEVAL-BFA001V2B
2025-07-02 22:01:08,981 [INFO] DbBoards:168 - Found 211 boards, 208 are supported
2025-07-02 22:01:08,981 [INFO] DbBoards:169 - Found 211 boards, 43 of them is supported for  Bsp
2025-07-02 22:01:08,984 [INFO] ApiDb:668 - CubeFinder database Data Model version=2.1
2025-07-02 22:01:08,984 [INFO] ApiDb:669 - CubeFinder database Configuration version=3.0.39
2025-07-02 22:01:08,984 [INFO] ApiDb:670 - CubeFinder database generation date=2025-06-16 (1750072209)
2025-07-02 22:01:08,984 [INFO] ApiDb:671 - CubeFinder database FW Pack versions=[FP-ATR-ASTRA1_V2.0.0, FP-SNS-FLIGHT1_V5.1.0, FP-SNS-MOTENV1_V5.0.0, FP-SNS-MOTENVWB1_V1.4.0, FP-SNS-SMARTAG2_V1.2.0, FP-SNS-STBOX1_V2.0.0, STM32Cube_FW_C0_V1.4.0, STM32Cube_FW_F4_V1.28.2, STM32Cube_FW_F7_V1.17.3, STM32Cube_FW_G0_V1.6.2, STM32Cube_FW_G4_V1.6.1, STM32Cube_FW_H5_V1.5.0, STM32Cube_FW_H7RS_V1.2.0, STM32Cube_FW_H7_V1.12.1, STM32Cube_FW_L0_V1.12.2, STM32Cube_FW_L4_V1.18.1, STM32Cube_FW_L5_V1.5.1, STM32Cube_FW_N6_V1.1.1, STM32Cube_FW_U0_V1.2.0, STM32Cube_FW_U3_V1.1.0, STM32Cube_FW_U5_V1.7.0, STM32Cube_FW_WB0_V1.2.0, STM32Cube_FW_WBA_V1.6.0, STM32Cube_FW_WB_V1.22.0, STM32Cube_FW_WL3_V1.1.0, STM32Cube_FW_WL_V1.3.1, X-CUBE-ALGOBUILD_V1.4.0, X-CUBE-ALS_V1.0.2, X-CUBE-AZRTOS-F4_V1.1.0, X-CUBE-AZRTOS-F7_V1.1.0, X-CUBE-AZRTOS-G0_V1.1.0, X-CUBE-AZRTOS-G4_V2.0.0, X-CUBE-AZRTOS-H7RS_V1.1.0, X-CUBE-AZRTOS-H7_V3.3.0, X-CUBE-AZRTOS-L4_V2.0.0, X-CUBE-AZRTOS-L5_V2.0.0, X-CUBE-AZRTOS-WB_V2.0.0, X-CUBE-AZRTOS-WL_V2.0.0, X-CUBE-BLE1_V7.1.0, X-CUBE-BLE2_V3.3.0, X-CUBE-BLEMGR_V4.0.0, X-CUBE-EEPRMA1_V5.1.0, X-CUBE-FREERTOS_V1.3.1, X-CUBE-GNSS1_V6.0.0, X-CUBE-MEMS1_V11.3.0, X-CUBE-NFC4_V3.0.0, X-CUBE-NFC7_V2.0.0, X-CUBE-SFXS2LP1_V4.0.0, X-CUBE-SUBG2_V5.0.0, X-CUBE-TOF1_V3.4.3]
2025-07-02 22:01:10,859 [INFO] ApiDb:240 - Found 895 in-development CPN: [B-G473E-ZEST1S, B-WB1M-WPAN1, B-WBA5M-WPAN, B-WL5M-SUBG1, NUCLEO-C031C6, NUCLEO-C051C8, NUCLEO-C071RB, NUCLEO-C092RC, NUCLEO-H503RB, NUCLEO-H533RE, NUCLEO-H563ZI, NUCLEO-H7S3L8, NUCLEO-N657X0-Q, NUCLEO-U031R8, NUCLEO-U083RC, NUCLEO-U385RG-Q, NUCLEO-U545RE-Q, NUCLEO-U5A5ZJ-Q, NUCLEO-WB05KZ, NUCLEO-WB07CC, NUCLEO-WB09KE, NUCLEO-WBA52CG, NUCLEO-WBA55CG, NUCLEO-WBA65RI, NUCLEO-WL33CC1, NUCLEO-WL33CC2, STEVAL-PROTEUS1, STEVAL-SMARTAG2, STEVAL-STWINBX1, STM320518-EVAL, STM32C0116-DK, STM32C011D6Y3TR, STM32C011D6Y6TR, STM32C011F4P3, STM32C011F4P6, STM32C011F4U3, STM32C011F4U6TR, STM32C011F6P3, STM32C011F6P6, STM32C011F6U3, STM32C011F6U6TR, STM32C011J4M3, STM32C011J4M6, STM32C011J6M3, STM32C011J6M6, STM32C0316-DK, STM32C031C4T3, STM32C031C4T6, STM32C031C4U3, STM32C031C4U6, STM32C031C6T3, STM32C031C6T6, STM32C031C6U3, STM32C031C6U6, STM32C031F4P3, STM32C031F4P6, STM32C031F6P3, STM32C031F6P6, STM32C031G4U3, STM32C031G4U6, STM32C031G6U3, STM32C031G6U6, STM32C031K4T3, STM32C031K4T6, STM32C031K4U3, STM32C031K4U6, STM32C031K6T3, STM32C031K6T6, STM32C031K6U3, STM32C031K6U6, STM32C051C6T6, STM32C051C6U6, STM32C051C8T6, STM32C051C8U6, STM32C051D8Y6TR, STM32C051F6P6, STM32C051F8P6, STM32C051G6U6, STM32C051G8U6, STM32C051K6T6, STM32C051K6U6, STM32C051K8T6, STM32C071C8T6, STM32C071C8T6N, STM32C071C8U6, STM32C071C8U6N, STM32C071CBT6, STM32C071CBT6N, STM32C071CBU6, STM32C071CBU6N, STM32C071F8P6, STM32C071F8P6N, STM32C071FBP6, STM32C071FBP6N, STM32C071FBY6TR, STM32C071G8U6, STM32C071G8U6N, STM32C071GBU6, STM32C071GBU6N, STM32C071K8T6, STM32C071K8T6N, STM32C071K8U6, STM32C071K8U6N, STM32C071KBT6, STM32C071KBT6N, STM32C071KBU6, STM32C071KBU6N, STM32C071R8T6, STM32C071R8T6N, STM32C071RBI6N, STM32C071RBT6, STM32C071RBT6N, STM32C091CBT6, STM32C091CBU6, STM32C091CCT6, STM32C091CCU6, STM32C091ECY6TR, STM32C091FBP6, STM32C091FCP6, STM32C091GBU6, STM32C091GCU6, STM32C091KBT6, STM32C091KBU6, STM32C091KCT6, STM32C091KCU6, STM32C091RBT6, STM32C091RCI6, STM32C091RCT6, STM32C092CBT6, STM32C092CBU6, STM32C092CCT6, STM32C092CCU6, STM32C092ECY6TR, STM32C092FBP6, STM32C092FCP6, STM32C092GBU6, STM32C092GCU6, STM32C092KBT6, STM32C092KBU6, STM32C092KCT6, STM32C092KCU6, STM32C092RBT6, STM32C092RCI6, STM32C092RCT6, STM32G071K8TXN, STM32G071K8UXN, STM32G081GBU6N, STM32G081KBT6N, STM32G081KBUXN, STM32G0B1CCT6N, STM32G0B1KCT6, STM32G0B1NEY6TR, STM32G0B1RCT6N, STM32G0C1CCT6, STM32G0C1CCT6N, STM32G0C1CCU6N, STM32G0C1CET6N, STM32G0C1CEU6N, STM32G0C1KCT6, STM32G0C1NEY6TR, STM32G0C1RCI6N, STM32G0C1RCT6N, STM32G0C1REI6N, STM32G0C1RET6N, STM32G0C1VCI6, STM32G0C1VEI6, STM32G411C6T3, STM32G411C6T6, STM32G411C6U3, STM32G411C6U6, STM32G411C8T3, STM32G411C8T6, STM32G411C8U3, STM32G411C8U6, STM32G411CBT3, STM32G411CBT6, STM32G411CBU3, STM32G411CBU6, STM32G411CCT3, STM32G411CCT6, STM32G411CCU3, STM32G411CCU6, STM32G411K6T3, STM32G411K6T6, STM32G411K6U3, STM32G411K6U6, STM32G411K8T3, STM32G411K8T6, STM32G411K8U3, STM32G411K8U6, STM32G411KBT3, STM32G411KBT6, STM32G411KBU3, STM32G411KBU6, STM32G411M6T3, STM32G411M6T6, STM32G411M8T3, STM32G411M8T6, STM32G411MBT3, STM32G411MBT6, STM32G411MCT3, STM32G411MCT6, STM32G411R6T3, STM32G411R6T6, STM32G411R8T3, STM32G411R8T6, STM32G411RBT3, STM32G411RBT6, STM32G411RCT3, STM32G411RCT6, STM32G414CBT3, STM32G414CBT6, STM32G414CBU3, STM32G414CBU6, STM32G414CCT3, STM32G414CCT6, STM32G414CCU3, STM32G414CCU6, STM32G414MBT3, STM32G414MBT6, STM32G414MCT3, STM32G414MCT6, STM32G414RBT3, STM32G414RBT6, STM32G414RCT3, STM32G414RCT6, STM32G414VBT3, STM32G414VBT6, STM32G414VCT3, STM32G414VCT6, STM32G431CBT3Z, STM32G431RBT3Z, STM32G471CCT6, STM32G471CCU6, STM32G471CET3, STM32G471CET6, STM32G471CEU3, STM32G471CEU6, STM32G471MCT6, STM32G471MET3, STM32G471MET6, STM32G471MEY6TR, STM32G471QCT6, STM32G471QET3, STM32G471RCT6, STM32G471RET3, STM32G471RET6, STM32G471VCH6, STM32G471VCI6, STM32G471VCT6, STM32G471VEH3, STM32G471VEH6, STM32G471VEI3, STM32G471VEI6, STM32G471VET3, STM32G471VET6, STM32G473QET3Z, STM32G473RET3Z, STM32G474CCT6, STM32G491RET3Z, STM32H503CBT6, STM32H503CBU6, STM32H503EBY6TR, STM32H503KBU6, STM32H503RBT6, STM32H523CCT6, STM32H523CCU6, STM32H523CET6, STM32H523CEU6, STM32H523HEY6TR, STM32H523RCT6, STM32H523RET6, STM32H523VCI6, STM32H523VCT6, STM32H523VEI6, STM32H523VET6, STM32H523ZCJ6, STM32H523ZCT6, STM32H523ZEJ6, STM32H523ZET6, STM32H533CET6, STM32H533CEU6, STM32H533HEY6TR, STM32H533RET6, STM32H533VEI6, STM32H533VET6, STM32H533ZEJ6, STM32H533ZET6, STM32H562AGI6, STM32H562AII6, STM32H562IGK6, STM32H562IGT6, STM32H562IIK6, STM32H562IIT6, STM32H562RGT6, STM32H562RGV6, STM32H562RIT6, STM32H562RIV6, STM32H562VGT6, STM32H562VIT6, STM32H562ZGT6, STM32H562ZIT6, STM32H563AGI6, STM32H563AII3Q, STM32H563AII6, STM32H563IGK6, STM32H563IGT6, STM32H563IIK3Q, STM32H563IIK6, STM32H563IIT3Q, STM32H563IIT6, STM32H563MIY3QTR, STM32H563RGT6, STM32H563RGV6, STM32H563RIT6, STM32H563RIV6, STM32H563VGT6, STM32H563VIT3Q, STM32H563VIT6, STM32H563ZGT6, STM32H563ZIT3Q, STM32H563ZIT6, STM32H573AII3Q, STM32H573AII6, STM32H573I-DK, STM32H573IIK3Q, STM32H573IIK6, STM32H573IIT3Q, STM32H573IIT6, STM32H573MIY3QTR, STM32H573RIT6, STM32H573RIV6, STM32H573VIT3Q, STM32H573VIT6, STM32H573ZIT3Q, STM32H573ZIT6, STM32H7R3A8I6, STM32H7R3I8K6, STM32H7R3I8T6, STM32H7R3L8H6, STM32H7R3L8H6H, STM32H7R3R8V6, STM32H7R3V8H6, STM32H7R3V8T6, STM32H7R3V8Y6TR, STM32H7R3Z8J6, STM32H7R3Z8T6, STM32H7R7A8I6, STM32H7R7I8K6, STM32H7R7I8T6, STM32H7R7L8H6, STM32H7R7L8H6H, STM32H7R7Z8J6, STM32H7S3A8I6, STM32H7S3I8K6, STM32H7S3I8T6, STM32H7S3L8H6, STM32H7S3L8H6H, STM32H7S3R8V6, STM32H7S3V8H6, STM32H7S3V8T6, STM32H7S3V8Y6TR, STM32H7S3Z8J6, STM32H7S3Z8T6, STM32H7S78-DK, STM32H7S7A8I6, STM32H7S7I8K6, STM32H7S7I8T6, STM32H7S7L8H6, STM32H7S7L8H6H, STM32H7S7Z8J6, STM32L4R5QGI6STR, STM32MP131AAE3, STM32MP131AAF3, STM32MP131AAG3, STM32MP131CAE3, STM32MP131CAF3, STM32MP131CAG3, STM32MP131DAE7, STM32MP131DAF7, STM32MP131DAG7, STM32MP131FAE7, STM32MP131FAF7, STM32MP131FAG7, STM32MP133AAE3, STM32MP133AAF3, STM32MP133AAG3, STM32MP133CAE3, STM32MP133CAF3, STM32MP133CAG3, STM32MP133DAE7, STM32MP133DAF7, STM32MP133DAG7, STM32MP133FAE7, STM32MP133FAF7, STM32MP133FAG7, STM32MP135AAE3, STM32MP135AAF3, STM32MP135AAG3, STM32MP135CAE3, STM32MP135CAF3, STM32MP135CAG3, STM32MP135DAE7, STM32MP135DAF7, STM32MP135DAG7, STM32MP135F-DK, STM32MP135FAE7, STM32MP135FAF7, STM32MP135FAF7T, STM32MP135FAF7U, STM32MP135FAG7, STM32MP231AAJ3, STM32MP231AAK3, STM32MP231AAL3, STM32MP231CAJ3, STM32MP231CAK3, STM32MP231CAL3, STM32MP231DAJ3, STM32MP231DAK3, STM32MP231DAL3, STM32MP231FAJ3, STM32MP231FAK3, STM32MP231FAL3, STM32MP233AAJ3, STM32MP233AAK3, STM32MP233AAL3, STM32MP233CAJ3, STM32MP233CAK3, STM32MP233CAL3, STM32MP233DAJ3, STM32MP233DAK3, STM32MP233DAL3, STM32MP233FAJ3, STM32MP233FAK3, STM32MP233FAL3, STM32MP235AAJ3, STM32MP235AAK3, STM32MP235AAL3, STM32MP235CAJ3, STM32MP235CAK3, STM32MP235CAL3, STM32MP235DAJ3, STM32MP235DAK3, STM32MP235DAL3, STM32MP235FAJ3, STM32MP235FAK3, STM32MP235FAL3, STM32MP251AAI3, STM32MP251AAJ3, STM32MP251AAK3, STM32MP251AAL3, STM32MP251CAI3, STM32MP251CAJ3, STM32MP251CAK3, STM32MP251CAL3, STM32MP251DAI3, STM32MP251DAJ3, STM32MP251DAK3, STM32MP251DAL3, STM32MP251FAI3, STM32MP251FAJ3, STM32MP251FAK3, STM32MP251FAL3, STM32MP253AAI3, STM32MP253AAJ3, STM32MP253AAK3, STM32MP253AAL3, STM32MP253CAI3, STM32MP253CAJ3, STM32MP253CAK3, STM32MP253CAL3, STM32MP253DAI3, STM32MP253DAJ3, STM32MP253DAK3, STM32MP253DAL3, STM32MP253FAI3, STM32MP253FAJ3, STM32MP253FAK3, STM32MP253FAL3, STM32MP255AAI3, STM32MP255AAJ3, STM32MP255AAK3, STM32MP255AAL3, STM32MP255CAI3, STM32MP255CAJ3, STM32MP255CAK3, STM32MP255CAL3, STM32MP255DAI3, STM32MP255DAJ3, STM32MP255DAK3, STM32MP255DAL3, STM32MP255FAI3, STM32MP255FAJ3, STM32MP255FAK3, STM32MP255FAL3, STM32MP257AAI3, STM32MP257AAJ3, STM32MP257AAK3, STM32MP257AAL3, STM32MP257CAI3, STM32MP257CAJ3, STM32MP257CAK3, STM32MP257CAL3, STM32MP257DAI3, STM32MP257DAJ3, STM32MP257DAK3, STM32MP257DAL3, STM32MP257F-DK, STM32MP257F-EV1, STM32MP257FAI3, STM32MP257FAJ3, STM32MP257FAK3, STM32MP257FAL3, STM32N645A0H3Q, STM32N645B0H3Q, STM32N645I0H3Q, STM32N645L0H3Q, STM32N645X0H3Q, STM32N645Z0H3Q, STM32N647A0H3Q, STM32N647B0H3Q, STM32N647I0H3Q, STM32N647L0H3Q, STM32N647X0H3Q, STM32N647Z0H3Q, STM32N655A0H3Q, STM32N655B0H3Q, STM32N655I0H3Q, STM32N655L0H3Q, STM32N655X0H3Q, STM32N655Z0H3Q, STM32N6570-DK, STM32N657A0H3Q, STM32N657B0H3Q, STM32N657I0H3Q, STM32N657L0H3Q, STM32N657X0H3Q, STM32N657Z0H3Q, STM32U031C6T6, STM32U031C6U6, STM32U031C8T6, STM32U031C8U6, STM32U031F4P6, STM32U031F6P6, STM32U031F8P6, STM32U031G6Y6TR, STM32U031G8Y6TR, STM32U031K4U6, STM32U031K6U6, STM32U031K8U6, STM32U031R6I6, STM32U031R6T6, STM32U031R8I6, STM32U031R8T6, STM32U073C8T6, STM32U073C8U6, STM32U073CBT6, STM32U073CBU6, STM32U073CCT6, STM32U073CCU6, STM32U073H8Y6TR, STM32U073HBY6TR, STM32U073HCY6TR, STM32U073K8U6, STM32U073KBU6, STM32U073KCU6, STM32U073M8I6, STM32U073M8T6, STM32U073MBI6, STM32U073MBT6, STM32U073MCI6, STM32U073MCT6, STM32U073R8I6, STM32U073R8T6, STM32U073RBI6, STM32U073RBT6, STM32U073RCI6, STM32U073RCT6, STM32U083C-DK, STM32U083CCT6, STM32U083CCU6, STM32U083HCY6TR, STM32U083KCU6, STM32U083MCI6, STM32U083MCT6, STM32U083RCI6, STM32U083RCT6, STM32U375CET6, STM32U375CET6Q, STM32U375CEU6, STM32U375CEU6Q, STM32U375CEY6QTR, STM32U375CGT6, STM32U375CGT6Q, STM32U375CGU6, STM32U375CGU6Q, STM32U375CGY6QTR, STM32U375KEU6, STM32U375KGU6, STM32U375REI6, STM32U375REI6Q, STM32U375RET6, STM32U375RET6Q, STM32U375REY6GTR, STM32U375REY6QTR, STM32U375RGI6, STM32U375RGI6Q, STM32U375RGT6, STM32U375RGT6Q, STM32U375RGY6GTR, STM32U375RGY6QTR, STM32U375VEI6, STM32U375VEI6Q, STM32U375VET6, STM32U375VET6Q, STM32U375VGI6, STM32U375VGI6Q, STM32U375VGT6, STM32U375VGT6Q, STM32U385CGT6, STM32U385CGT6Q, STM32U385CGU6, STM32U385CGU6Q, STM32U385CGY6QTR, STM32U385KGU6, STM32U385RGI6, STM32U385RGI6Q, STM32U385RGT6, STM32U385RGT6Q, STM32U385RGY6GTR, STM32U385RGY6QTR, STM32U385VGI6, STM32U385VGI6Q, STM32U385VGT6, STM32U385VGT6Q, STM32U535CBT6, STM32U535CBT6Q, STM32U535CBU6, STM32U535CBU6Q, STM32U535CCT6, STM32U535CCT6Q, STM32U535CCU6, STM32U535CCU6Q, STM32U535CET6, STM32U535CET6Q, STM32U535CEU6, STM32U535CEU6Q, STM32U535JEY6QTR, STM32U535NCY6QTR, STM32U535NEY6QTR, STM32U535RBI6, STM32U535RBI6Q, STM32U535RBT6, STM32U535RBT6Q, STM32U535RCI6, STM32U535RCI6Q, STM32U535RCT6, STM32U535RCT6Q, STM32U535REI6, STM32U535REI6Q, STM32U535RET6, STM32U535RET6Q, STM32U535VCI6, STM32U535VCI6Q, STM32U535VCT6, STM32U535VCT6Q, STM32U535VEI6, STM32U535VEI6Q, STM32U535VET6, STM32U535VET6Q, STM32U545CET6, STM32U545CET6Q, STM32U545CEU6, STM32U545CEU6Q, STM32U545JEY6QTR, STM32U545NEY6QTR, STM32U545REI6, STM32U545REI6Q, STM32U545RET6, STM32U545RET6Q, STM32U545VEI6, STM32U545VEI6Q, STM32U545VET6, STM32U545VET6Q, STM32U595AIH6, STM32U595AIH6Q, STM32U595AJH6, STM32U595AJH6Q, STM32U595QII6, STM32U595QII6Q, STM32U595QJI6, STM32U595QJI6Q, STM32U595RIT6, STM32U595RIT6Q, STM32U595RJT6, STM32U595RJT6Q, STM32U595VIT6, STM32U595VIT6Q, STM32U595VJT6, STM32U595VJT6Q, STM32U595ZIT6, STM32U595ZIT6Q, STM32U595ZIY6QTR, STM32U595ZJT6, STM32U595ZJT6Q, STM32U595ZJY6QTR, STM32U599BJY6QTR, STM32U599NIH6Q, STM32U599NJH6Q, STM32U599VIT6Q, STM32U599VJT6, STM32U599VJT6Q, STM32U599ZIT6Q, STM32U599ZIY6QTR, STM32U599ZJT6Q, STM32U599ZJY6QTR, STM32U5A5AJH6, STM32U5A5AJH6Q, STM32U5A5QII3Q , STM32U5A5QJI6, STM32U5A5QJI6Q, STM32U5A5RJT6, STM32U5A5RJT6Q, STM32U5A5VJT6, STM32U5A5VJT6Q, STM32U5A5ZJT6, STM32U5A5ZJT6Q, STM32U5A5ZJY6QTR, STM32U5A9BJY6QTR, STM32U5A9J-DK, STM32U5A9NJH6Q, STM32U5A9VJT6Q, STM32U5A9ZJT6Q, STM32U5A9ZJY6QTR, STM32U5F7VIT6, STM32U5F7VIT6Q, STM32U5F7VJT6, STM32U5F7VJT6Q, STM32U5F9BJY6QTR, STM32U5F9NJH6Q, STM32U5F9VIT6Q, STM32U5F9VJT6Q, STM32U5F9ZIJ6QTR, STM32U5F9ZIT6Q, STM32U5F9ZJJ6QTR, STM32U5F9ZJT6Q, STM32U5G7VJT6, STM32U5G7VJT6Q, STM32U5G9BJY6QTR, STM32U5G9J-DK1, STM32U5G9J-DK2, STM32U5G9NJH6Q, STM32U5G9VJT6Q, STM32U5G9ZJJ6QTR, STM32U5G9ZJT6Q, STM32WB05KZV6TR, STM32WB05KZV7TR, STM32WB05TZF6TR, STM32WB05TZF7TR, STM32WB06CCF6TR, STM32WB06CCF7TR, STM32WB06CCV6TR, STM32WB06CCV7TR, STM32WB06KCV6TR, STM32WB06KCV7TR, STM32WB07CCF6TR, STM32WB07CCF7TR, STM32WB07CCV6TR, STM32WB07CCV7TR, STM32WB07KCV6TR, STM32WB07KCV7TR, STM32WB09KEV6TR, STM32WB09KEV7TR, STM32WB09TEF6TR, STM32WB09TEF7TR, STM32WB1MMCH6, STM32WBA50KGU6, STM32WBA50KGU6TR, STM32WBA52CEU6, STM32WBA52CEU6TR, STM32WBA52CEU7, STM32WBA52CEU7TR, STM32WBA52CGU6, STM32WBA52CGU6TR, STM32WBA52CGU6U, STM32WBA52CGU7, STM32WBA52CGU7TR, STM32WBA52KEU6, STM32WBA52KEU6TR, STM32WBA52KGU6, STM32WBA52KGU6TR, STM32WBA54CEU6, STM32WBA54CEU6TR, STM32WBA54CEU7, STM32WBA54CEU7TR, STM32WBA54CGU6, STM32WBA54CGU6TR, STM32WBA54CGU7, STM32WBA54CGU7TR, STM32WBA54KEU6, STM32WBA54KEU6TR, STM32WBA54KEU7, STM32WBA54KEU7TR, STM32WBA54KGU6, STM32WBA54KGU6TR, STM32WBA54KGU7, STM32WBA54KGU7TR, STM32WBA55CEU6, STM32WBA55CEU6TR, STM32WBA55CEU7, STM32WBA55CEU7TR, STM32WBA55CGU6, STM32WBA55CGU6TR, STM32WBA55CGU6U, STM32WBA55CGU7, STM32WBA55CGU7TR, STM32WBA55G-DK1, STM32WBA55HEF6, STM32WBA55HEF7, STM32WBA55HGF6, STM32WBA55HGF7, STM32WBA55UEI6, STM32WBA55UEI6TR, STM32WBA55UEI7, STM32WBA55UEI7TR, STM32WBA55UGI6, STM32WBA55UGI6TR, STM32WBA55UGI7, STM32WBA55UGI7TR, STM32WBA5MJGH6TR, STM32WBA62CGU6, STM32WBA62CIU6, STM32WBA62MGF6, STM32WBA62MIF6, STM32WBA62PGI6, STM32WBA62PII6, STM32WBA63CGU6, STM32WBA63CGU7, STM32WBA63CIU6, STM32WBA63CIU7, STM32WBA64CGU6, STM32WBA64CGU7, STM32WBA64CIU6, STM32WBA64CIU7, STM32WBA65CGU6, STM32WBA65CGU7, STM32WBA65CIU6, STM32WBA65CIU7, STM32WBA65I-DK1, STM32WBA65MGF6, STM32WBA65MGF7, STM32WBA65MIF6, STM32WBA65MIF7, STM32WBA65PGI6, STM32WBA65PGI7, STM32WBA65PII6, STM32WBA65PII7, STM32WBA65RGV6, STM32WBA65RGV7, STM32WBA65RIV6, STM32WBA65RIV7, STM32WL30K8V6, STM32WL30KBV6, STM32WL31C8V6, STM32WL31CBV6, STM32WL31K8V6, STM32WL31KBV6, STM32WL33C8V6, STM32WL33C8V6TR, STM32WL33C8V7, STM32WL33C8V7TR, STM32WL33CBV6, STM32WL33CBV6TR, STM32WL33CBV7, STM32WL33CBV7TR, STM32WL33CCV6, STM32WL33CCV6TR, STM32WL33CCV7, STM32WL33CCV7A, STM32WL33CCV7ATR, STM32WL33CCV7TR, STM32WL33K8V6, STM32WL33K8V6TR, STM32WL33K8V7, STM32WL33K8V7TR, STM32WL33KBV6, STM32WL33KBV6TR, STM32WL33KBV7, STM32WL33KBV7TR, STM32WL33KCV6, STM32WL33KCV6TR, STM32WL33KCV7, STM32WL33KCV7TR, STM32WL5MOCH6, STM32WL5MOCH6TR]
2025-07-02 22:01:10,864 [INFO] DbMcus:218 - Found 4686 MCUs, 4686 are supported
2025-07-02 22:01:10,864 [INFO] ApiDb:423 - Load user favorites file C:\Users\jesfi/.stm32cubeide/favorites.mcus.txt: 0 item(s)
2025-07-02 22:01:10,864 [INFO] ApiDb:427 - User favorites MCUs=[]
2025-07-02 22:01:10,864 [INFO] DbMcus:224 - Set 0 / 0 favorites MCUs
2025-07-02 22:01:11,151 [INFO] ApiDb:414 - User favorites file not found: C:\Users\jesfi/.stm32cubeide/favorites.boards.txt
2025-07-02 22:01:11,151 [INFO] DbBoards:198 - Set 0 / 0 favorites Boards
2025-07-02 22:01:11,210 [INFO] UtilMem:75 - End LoadConfig() Used Memory: 190256680 Bytes (316669952)
2025-07-02 22:01:11,326 [WARN] ThirdParty:833 - waiting for thirdparty lock release [change project]
2025-07-02 22:01:11,328 [INFO] ThirdParty:835 - entering critical section [change project]
2025-07-02 22:01:11,328 [INFO] ThirdParty:1030 - CMSIS Pack Vendor :STMicroelectronics X-CUBE-PM33A1 1.0.0
2025-07-02 22:01:11,328 [INFO] ThirdParty:1030 - CMSIS Pack Vendor :STMicroelectronics USBPD 4.1
2025-07-02 22:01:11,328 [INFO] ThirdParty:1030 - CMSIS Pack Vendor :STMicroelectronics X-CUBE-AZRTOS-H7 3.3.0
2025-07-02 22:01:11,328 [INFO] ThirdParty:1030 - CMSIS Pack Vendor :STMicroelectronics X-CUBE-NFC9 1.0.0
2025-07-02 22:01:11,328 [INFO] ThirdParty:1030 - CMSIS Pack Vendor :wolfSSL I-CUBE-wolfSSL 5.8.0
2025-07-02 22:01:11,328 [INFO] ThirdParty:1030 - CMSIS Pack Vendor :STMicroelectronics USB_HOST 2.0.0
2025-07-02 22:01:11,328 [INFO] ThirdParty:1030 - CMSIS Pack Vendor :STMicroelectronics FP-SNS-MOTENVWB1 1.4.0
2025-07-02 22:01:11,328 [INFO] ThirdParty:1030 - CMSIS Pack Vendor :STMicroelectronics X-CUBE-AZRTOS-F4 1.1.0
2025-07-02 22:01:11,328 [INFO] ThirdParty:1030 - CMSIS Pack Vendor :STMicroelectronics LIBJPEG 8.0.0
2025-07-02 22:01:11,328 [INFO] ThirdParty:1030 - CMSIS Pack Vendor :STMicroelectronics FP-ATR-ASTRA1 2.0.2
2025-07-02 22:01:11,328 [INFO] ThirdParty:1030 - CMSIS Pack Vendor :STMicroelectronics X-CUBE-BLE1 7.1.0
2025-07-02 22:01:11,328 [INFO] ThirdParty:1030 - CMSIS Pack Vendor :Avnet-IotConnect X-CUBE-IoTC-DA16k-PMOD 1.0.0
2025-07-02 22:01:11,328 [INFO] ThirdParty:1030 - CMSIS Pack Vendor :STMicroelectronics X-CUBE-SMBUS 2.1.0
2025-07-02 22:01:11,328 [INFO] ThirdParty:1030 - CMSIS Pack Vendor :wolfSSL I-CUBE-wolfMQTT 1.19.2
2025-07-02 22:01:11,328 [INFO] ThirdParty:1030 - CMSIS Pack Vendor :STMicroelectronics USB_DEVICE 3.0.0
2025-07-02 22:01:11,328 [INFO] ThirdParty:1030 - CMSIS Pack Vendor :STMicroelectronics X-CUBE-ISPU 2.1.0
2025-07-02 22:01:11,328 [INFO] ThirdParty:1030 - CMSIS Pack Vendor :STMicroelectronics X-CUBE-AZRTOS-WB 2.0.0
2025-07-02 22:01:11,328 [INFO] ThirdParty:1030 - CMSIS Pack Vendor :STMicroelectronics X-CUBE-ST60 1.0.0
2025-07-02 22:01:11,328 [INFO] ThirdParty:1030 - CMSIS Pack Vendor :STMicroelectronics X-CUBE-GNSS1 7.0.1
2025-07-02 22:01:11,328 [INFO] ThirdParty:1030 - CMSIS Pack Vendor :STMicroelectronics X-CUBE-AZRTOS-F7 1.1.0
2025-07-02 22:01:11,329 [INFO] ThirdParty:1030 - CMSIS Pack Vendor :STMicroelectronics X-CUBE-AZRTOS-L5 2.0.0
2025-07-02 22:01:11,329 [INFO] ThirdParty:1030 - CMSIS Pack Vendor :STMicroelectronics X-CUBE-TOUCHGFX 4.25.0
2025-07-02 22:01:11,329 [INFO] ThirdParty:1030 - CMSIS Pack Vendor :STMicroelectronics USB_DEVICE 2.0.0
2025-07-02 22:01:11,329 [INFO] ThirdParty:1030 - CMSIS Pack Vendor :STMicroelectronics X-CUBE-NFC6 3.1.0
2025-07-02 22:01:11,329 [INFO] ThirdParty:1030 - CMSIS Pack Vendor :STMicroelectronics X-CUBE-AI 10.1.0
2025-07-02 22:01:11,329 [INFO] ThirdParty:1030 - CMSIS Pack Vendor :STMicroelectronics FP-SNS-STBOX1 2.0.0
2025-07-02 22:01:11,329 [INFO] ThirdParty:1030 - CMSIS Pack Vendor :STMicroelectronics FreeRTOS 0.0.1
2025-07-02 22:01:11,329 [INFO] ThirdParty:1030 - CMSIS Pack Vendor :STMicroelectronics X-CUBE-AZRTOS-G0 1.1.0
2025-07-02 22:01:11,329 [INFO] ThirdParty:1030 - CMSIS Pack Vendor :STMicroelectronics X-CUBE-SAFEA1 1.2.2
2025-07-02 22:01:11,329 [INFO] ThirdParty:1030 - CMSIS Pack Vendor :STMicroelectronics X-CUBE-NFC4 3.0.0
2025-07-02 22:01:11,329 [INFO] ThirdParty:1030 - CMSIS Pack Vendor :STMicroelectronics X-CUBE-SUBG2 5.0.0
2025-07-02 22:01:11,329 [INFO] ThirdParty:1030 - CMSIS Pack Vendor :STMicroelectronics X-CUBE-AZRTOS-H7RS 1.1.0
2025-07-02 22:01:11,329 [INFO] ThirdParty:1030 - CMSIS Pack Vendor :STMicroelectronics STM32_WPAN 1.0.0
2025-07-02 22:01:11,329 [INFO] ThirdParty:1030 - CMSIS Pack Vendor :EmbeddedOffice I-CUBE-FS-RTOS 1.0.1
2025-07-02 22:01:11,329 [INFO] ThirdParty:1030 - CMSIS Pack Vendor :STMicroelectronics lwIP 2.0.3
2025-07-02 22:01:11,329 [INFO] ThirdParty:1030 - CMSIS Pack Vendor :Cesanta I-CUBE-Mongoose 7.13.0
2025-07-02 22:01:11,329 [INFO] ThirdParty:1030 - CMSIS Pack Vendor :STMicroelectronics USB_HOST 1.0.0
2025-07-02 22:01:11,329 [INFO] ThirdParty:1030 - CMSIS Pack Vendor :Infineon AIROC-Wi-Fi-Bluetooth-STM32 1.7.0
2025-07-02 22:01:11,329 [INFO] ThirdParty:1030 - CMSIS Pack Vendor :STMicroelectronics X-CUBE-AZRTOS-G4 2.0.0
2025-07-02 22:01:11,329 [INFO] ThirdParty:1030 - CMSIS Pack Vendor :STMicroelectronics X-CUBE-WB05N 2.0.0
2025-07-02 22:01:11,329 [INFO] ThirdParty:1030 - CMSIS Pack Vendor :STMicroelectronics PDM2PCM 3.1.0
2025-07-02 22:01:11,329 [INFO] ThirdParty:1030 - CMSIS Pack Vendor :STMicroelectronics PDM2PCM 3.3.0
2025-07-02 22:01:11,329 [INFO] ThirdParty:1030 - CMSIS Pack Vendor :wolfSSL I-CUBE-wolfTPM 3.8.0
2025-07-02 22:01:11,329 [INFO] ThirdParty:1030 - CMSIS Pack Vendor :STMicroelectronics X-CUBE-DISPLAY 3.0.0
2025-07-02 22:01:11,329 [INFO] ThirdParty:1030 - CMSIS Pack Vendor :wolfSSL I-CUBE-wolfSSH 1.4.20
2025-07-02 22:01:11,329 [INFO] ThirdParty:1030 - CMSIS Pack Vendor :STMicroelectronics X-CUBE-NFC7 2.0.0
2025-07-02 22:01:11,329 [INFO] ThirdParty:1030 - CMSIS Pack Vendor :STMicroelectronics X-CUBE-TCPP 4.2.0
2025-07-02 22:01:11,329 [INFO] ThirdParty:1030 - CMSIS Pack Vendor :RealThread X-CUBE-RT-Thread_Nano 4.1.1
2025-07-02 22:01:11,329 [INFO] ThirdParty:1030 - CMSIS Pack Vendor :STMicroelectronics FP-ATR-SIGFOX1 3.2.0
2025-07-02 22:01:11,329 [INFO] ThirdParty:1030 - CMSIS Pack Vendor :STMicroelectronics X-CUBE-NFC10 1.0.0
2025-07-02 22:01:11,329 [INFO] ThirdParty:1030 - CMSIS Pack Vendor :STMicroelectronics X-CUBE-BLEMGR 4.0.0
2025-07-02 22:01:11,329 [INFO] ThirdParty:1030 - CMSIS Pack Vendor :STMicroelectronics X-CUBE-EEPRMA1 5.1.0
2025-07-02 22:01:11,329 [INFO] ThirdParty:1030 - CMSIS Pack Vendor :STMicroelectronics X-CUBE-FREERTOS 1.3.1
2025-07-02 22:01:11,329 [INFO] ThirdParty:1030 - CMSIS Pack Vendor :STMicroelectronics HAL Drivers 0.0.0
2025-07-02 22:01:11,330 [INFO] ThirdParty:1030 - CMSIS Pack Vendor :STMicroelectronics MBEDTLS 2.16.2
2025-07-02 22:01:11,330 [INFO] ThirdParty:1030 - CMSIS Pack Vendor :STMicroelectronics X-CUBE-IPS 3.1.0
2025-07-02 22:01:11,330 [INFO] ThirdParty:1030 - CMSIS Pack Vendor :STMicroelectronics X-CUBE-ALS 1.0.2
2025-07-02 22:01:11,330 [INFO] ThirdParty:1030 - CMSIS Pack Vendor :emotas I-CUBE-CANOPEN 1.3.0
2025-07-02 22:01:11,330 [INFO] ThirdParty:1030 - CMSIS Pack Vendor :STMicroelectronics MBEDTLS 2.14.1
2025-07-02 22:01:11,330 [INFO] ThirdParty:1030 - CMSIS Pack Vendor :ITTIA_DB I-CUBE-ITTIADB 8.9.0
2025-07-02 22:01:11,330 [INFO] ThirdParty:1030 - CMSIS Pack Vendor :portGmbH I-Cube-SoM-uGOAL 1.1.0
2025-07-02 22:01:11,330 [INFO] ThirdParty:1030 - CMSIS Pack Vendor :quantropi X-CUBE-qispace-sdk-base 2.0.0
2025-07-02 22:01:11,330 [INFO] ThirdParty:1030 - CMSIS Pack Vendor :STMicroelectronics X-CUBE-ST67W61 1.0.0
2025-07-02 22:01:11,330 [INFO] ThirdParty:1030 - CMSIS Pack Vendor :STMicroelectronics FP-SNS-STAIOTCFT 1.0.0
2025-07-02 22:01:11,330 [INFO] ThirdParty:1030 - CMSIS Pack Vendor :STMicroelectronics ThreadX 1.0.0
2025-07-02 22:01:11,330 [INFO] ThirdParty:1030 - CMSIS Pack Vendor :STMicroelectronics FP-SNS-SMARTAG2 1.2.0
2025-07-02 22:01:11,330 [INFO] ThirdParty:1030 - CMSIS Pack Vendor :STMicroelectronics FP-SNS-FLIGHT1 5.1.0
2025-07-02 22:01:11,330 [INFO] ThirdParty:1030 - CMSIS Pack Vendor :STMicroelectronics X-CUBE-AZRTOS-WL 2.0.0
2025-07-02 22:01:11,330 [INFO] ThirdParty:1030 - CMSIS Pack Vendor :SEGGER I-CUBE-embOS 1.3.1
2025-07-02 22:01:11,330 [INFO] ThirdParty:1030 - CMSIS Pack Vendor :STMicroelectronics X-CUBE-ALGOBUILD 1.4.0
2025-07-02 22:01:11,330 [INFO] ThirdParty:1030 - CMSIS Pack Vendor :STMicroelectronics X-CUBE-DPower 1.3.0
2025-07-02 22:01:11,330 [INFO] ThirdParty:1030 - CMSIS Pack Vendor :STMicroelectronics X-CUBE-MEMS1 11.3.0
2025-07-02 22:01:11,330 [INFO] ThirdParty:1030 - CMSIS Pack Vendor :STMicroelectronics FP-SNS-MOTENV1 5.0.0
2025-07-02 22:01:11,330 [INFO] ThirdParty:1030 - CMSIS Pack Vendor :STMicroelectronics USB_DEVICE 1.0.0
2025-07-02 22:01:11,330 [INFO] ThirdParty:1030 - CMSIS Pack Vendor :STMicroelectronics X-CUBE-AZRTOS-L4 2.0.0
2025-07-02 22:01:11,330 [INFO] ThirdParty:1030 - CMSIS Pack Vendor :STMicroelectronics ThreadX 0.0.2
2025-07-02 22:01:11,330 [INFO] ThirdParty:1030 - CMSIS Pack Vendor :WES I-CUBE-Cesium 1.3.0
2025-07-02 22:01:11,330 [INFO] ThirdParty:1030 - CMSIS Pack Vendor :STMicroelectronics lwIP 2.1.2
2025-07-02 22:01:11,330 [INFO] ThirdParty:1030 - CMSIS Pack Vendor :STMicroelectronics X-CUBE-SFXS2LP1 4.0.0
2025-07-02 22:01:11,330 [INFO] ThirdParty:1030 - CMSIS Pack Vendor :STMicroelectronics X-CUBE-BLE2 3.3.0
2025-07-02 22:01:11,330 [INFO] ThirdParty:1030 - CMSIS Pack Vendor :STMicroelectronics X-CUBE-TOF1 3.4.3
2025-07-02 22:01:11,330 [INFO] ThirdParty:1030 - CMSIS Pack Vendor :STMicroelectronics PDM2PCM 3.2.0
2025-07-02 22:01:11,330 [INFO] ThirdParty:841 - exiting critical section [change project]
2025-07-02 22:01:11,740 [INFO] PinOutPanel:1589 - setPackage(No Configuration,No Configuration)
2025-07-02 22:01:11,742 [INFO] PinOutPanel:1589 - setPackage(STM32F411CEUx,UFQFPN48)
2025-07-02 22:01:12,096 [INFO] UtilMem:75 - Before build in PCC Used Memory: 268410872 Bytes (316669952)
2025-07-02 22:01:12,670 [INFO] UtilMem:75 - After build in PCC Used Memory: 231552152 Bytes (316669952)
2025-07-02 22:01:12,737 [INFO] ApiDbMcu:508 - Load IP Config File for FREERTOS
2025-07-02 22:01:12,765 [INFO] IPUIPlugin:80 - create IPUIPlugin
2025-07-02 22:01:12,766 [INFO] IPUIPlugin:80 - create IPUIPlugin
2025-07-02 22:01:12,766 [INFO] IPUIPlugin:80 - create IPUIPlugin
2025-07-02 22:01:12,766 [INFO] IPUIPlugin:80 - create IPUIPlugin
2025-07-02 22:01:12,766 [INFO] IPUIPlugin:80 - create IPUIPlugin
2025-07-02 22:01:12,766 [INFO] IPUIPlugin:80 - create IPUIPlugin
2025-07-02 22:01:12,766 [INFO] IPUIPlugin:80 - create IPUIPlugin
2025-07-02 22:01:12,766 [INFO] IPUIPlugin:80 - create IPUIPlugin
2025-07-02 22:01:12,766 [INFO] IPUIPlugin:80 - create IPUIPlugin
2025-07-02 22:01:12,766 [INFO] IPUIPlugin:80 - create IPUIPlugin
2025-07-02 22:01:12,766 [INFO] IPUIPlugin:80 - create IPUIPlugin
2025-07-02 22:01:12,766 [INFO] IPUIPlugin:80 - create IPUIPlugin
2025-07-02 22:01:12,767 [INFO] IPUIPlugin:80 - create IPUIPlugin
2025-07-02 22:01:12,767 [INFO] IPUIPlugin:80 - create IPUIPlugin
2025-07-02 22:01:12,767 [INFO] IPUIPlugin:80 - create IPUIPlugin
2025-07-02 22:01:12,767 [INFO] IPUIPlugin:80 - create IPUIPlugin
2025-07-02 22:01:12,768 [INFO] IPUIPlugin:80 - create IPUIPlugin
2025-07-02 22:01:12,768 [INFO] IPUIPlugin:80 - create IPUIPlugin
2025-07-02 22:01:12,768 [INFO] IPUIPlugin:80 - create IPUIPlugin
2025-07-02 22:01:12,768 [INFO] IPUIPlugin:80 - create IPUIPlugin
2025-07-02 22:01:12,768 [INFO] IPUIPlugin:80 - create IPUIPlugin
2025-07-02 22:01:12,768 [INFO] IPUIPlugin:80 - create IPUIPlugin
2025-07-02 22:01:12,768 [INFO] IPUIPlugin:80 - create IPUIPlugin
2025-07-02 22:01:12,770 [INFO] IPUIPlugin:80 - create IPUIPlugin
2025-07-02 22:01:12,770 [INFO] IPUIPlugin:80 - create IPUIPlugin
2025-07-02 22:01:12,770 [INFO] IPUIPlugin:80 - create IPUIPlugin
2025-07-02 22:01:12,770 [INFO] IPUIPlugin:80 - create IPUIPlugin
2025-07-02 22:01:12,770 [INFO] IPUIPlugin:80 - create IPUIPlugin
2025-07-02 22:01:12,770 [INFO] IPUIPlugin:80 - create IPUIPlugin
2025-07-02 22:01:12,771 [INFO] IPUIPlugin:80 - create IPUIPlugin
2025-07-02 22:01:12,771 [INFO] IPUIPlugin:80 - create IPUIPlugin
2025-07-02 22:01:12,771 [INFO] IPUIPlugin:80 - create IPUIPlugin
2025-07-02 22:01:12,771 [INFO] IPUIPlugin:80 - create IPUIPlugin
2025-07-02 22:01:12,771 [INFO] IPUIPlugin:80 - create IPUIPlugin
2025-07-02 22:01:12,771 [INFO] IPUIPlugin:80 - create IPUIPlugin
2025-07-02 22:01:12,771 [INFO] IPUIPlugin:80 - create IPUIPlugin
2025-07-02 22:01:12,772 [INFO] IPUIPlugin:80 - create IPUIPlugin
2025-07-02 22:01:12,772 [INFO] IPUIPlugin:80 - create IPUIPlugin
2025-07-02 22:01:12,772 [INFO] IPUIPlugin:80 - create IPUIPlugin
2025-07-02 22:01:12,772 [INFO] IPUIPlugin:80 - create IPUIPlugin
2025-07-02 22:01:12,772 [INFO] IPUIPlugin:80 - create IPUIPlugin
2025-07-02 22:01:12,772 [INFO] IPUIPlugin:80 - create IPUIPlugin
2025-07-02 22:01:12,772 [INFO] IPUIPlugin:80 - create IPUIPlugin
2025-07-02 22:01:12,786 [INFO] ApiDbMcu:508 - Load IP Config File for PDM2PCM
2025-07-02 22:01:12,793 [WARN] IP:2250 - I2C_Coeff_DF not found: check if there is a RefParameter without a condition.
2025-07-02 22:01:12,793 [WARN] IP:2250 - Analog_Filter not found: check if there is a RefParameter without a condition.
2025-07-02 22:01:12,814 [WARN] FreeRTOS:1023 - Null or empty value: should not occur! (nothing added to the table)
2025-07-02 22:01:12,962 [INFO] CADModel:165 - CPN selected for project levelSTM32F411CEU6
2025-07-02 22:01:12,962 [INFO] CADModel:114 - Register for checkConnection events
2025-07-02 22:01:12,964 [INFO] RtosManager:725 - Active RTOS found at IOC load: FREERTOS [Cortex-M4NS]
2025-07-02 22:01:13,023 [INFO] OpenFileManager:385 - Restore cursor
2025-07-02 22:01:13,242 [WARN] IP:2250 - I2C_Coeff_DF not found: check if there is a RefParameter without a condition.
2025-07-02 22:01:13,242 [WARN] IP:2250 - Analog_Filter not found: check if there is a RefParameter without a condition.
2025-07-02 22:01:13,242 [WARN] IP:2250 - I2C_Coeff_DF not found: check if there is a RefParameter without a condition.
2025-07-02 22:01:13,242 [WARN] IP:2250 - Analog_Filter not found: check if there is a RefParameter without a condition.
2025-07-02 22:01:22,783 [ERROR] LogOutputStream:75 - [STDERR_REDIRECT] java.lang.Error: no ComponentUI class for: com.st.microxplorer.plugins.ip.nvic.CheckBoxHeader[,0,0,0x0,invalid,alignmentX=0.0,alignmentY=0.0,border=,flags=0,maximumSize=,minimumSize=,preferredSize=,defaultIcon=,disabledIcon=,disabledSelectedIcon=,margin=null,paintBorder=true,paintFocus=true,pressedIcon=,rolloverEnabled=false,rolloverIcon=,rolloverSelectedIcon=,selectedIcon=,text=]
2025-07-02 22:01:22,784 [ERROR] LogOutputStream:75 - [STDERR_REDIRECT] 	at java.desktop/javax.swing.UIDefaults.getUIError(UIDefaults.java:763)
2025-07-02 22:01:22,786 [ERROR] LogOutputStream:75 - [STDERR_REDIRECT] 	at java.desktop/javax.swing.MultiUIDefaults.getUIError(MultiUIDefaults.java:144)
2025-07-02 22:01:22,787 [ERROR] LogOutputStream:75 - [STDERR_REDIRECT] 	at java.desktop/javax.swing.UIDefaults.getUI(UIDefaults.java:793)
2025-07-02 22:01:22,788 [ERROR] LogOutputStream:75 - [STDERR_REDIRECT] 	at java.desktop/javax.swing.UIManager.getUI(UIManager.java:1070)
2025-07-02 22:01:22,789 [ERROR] LogOutputStream:75 - [STDERR_REDIRECT] 	at java.desktop/javax.swing.JCheckBox.updateUI(JCheckBox.java:228)
2025-07-02 22:01:22,789 [ERROR] LogOutputStream:75 - [STDERR_REDIRECT] 	at java.desktop/javax.swing.AbstractButton.init(AbstractButton.java:2141)
2025-07-02 22:01:22,790 [ERROR] LogOutputStream:75 - [STDERR_REDIRECT] 	at java.desktop/javax.swing.JToggleButton.<init>(JToggleButton.java:187)
2025-07-02 22:01:22,791 [ERROR] LogOutputStream:75 - [STDERR_REDIRECT] 	at java.desktop/javax.swing.JCheckBox.<init>(JCheckBox.java:176)
2025-07-02 22:01:22,792 [ERROR] LogOutputStream:75 - [STDERR_REDIRECT] 	at java.desktop/javax.swing.JCheckBox.<init>(JCheckBox.java:97)
2025-07-02 22:01:22,793 [ERROR] LogOutputStream:75 - [STDERR_REDIRECT] 	at com.st.microxplorer.plugins.ip.nvic.CheckBoxHeader.<init>(CheckBoxHeader.java:55)
2025-07-02 22:01:22,794 [ERROR] LogOutputStream:75 - [STDERR_REDIRECT] 	at com.st.microxplorer.plugins.ip.nvic.NvicCodeSelectionTable.<init>(NvicCodeSelectionTable.java:75)
2025-07-02 22:01:22,795 [ERROR] LogOutputStream:75 - [STDERR_REDIRECT] 	at com.st.microxplorer.plugins.ip.nvic.NvicCodePanel.initComponents(NvicCodePanel.java:102)
2025-07-02 22:01:22,796 [ERROR] LogOutputStream:75 - [STDERR_REDIRECT] 	at com.st.microxplorer.plugins.ip.nvic.NvicCodePanel.<init>(NvicCodePanel.java:78)
2025-07-02 22:01:22,797 [ERROR] LogOutputStream:75 - [STDERR_REDIRECT] 	at com.st.microxplorer.plugins.ip.nvic.NvicTabbedPanel.<init>(NvicTabbedPanel.java:57)
2025-07-02 22:01:22,798 [ERROR] LogOutputStream:75 - [STDERR_REDIRECT] 	at com.st.microxplorer.plugins.ip.nvic.Nvic.getUI(Nvic.java:73)
2025-07-02 22:01:22,799 [ERROR] LogOutputStream:75 - [STDERR_REDIRECT] 	at com.st.microxplorer.plugins.ipmanager.gui.BlockDiagram.createIpPanel(BlockDiagram.java:402)
2025-07-02 22:01:22,801 [ERROR] LogOutputStream:75 - [STDERR_REDIRECT] 	at com.st.microxplorer.plugins.ipmanager.gui.BlockDiagram.getIPConfigPanel(BlockDiagram.java:552)
2025-07-02 22:01:22,802 [ERROR] LogOutputStream:75 - [STDERR_REDIRECT] 	at com.st.microxplorer.plugins.ipmanager.gui.BlockDiagram.getIPConfigPanel(BlockDiagram.java:458)
2025-07-02 22:01:22,803 [ERROR] LogOutputStream:75 - [STDERR_REDIRECT] 	at com.st.microxplorer.plugins.ipmanager.gui.BlockDiagram.propertyChange(BlockDiagram.java:1389)
2025-07-02 22:01:22,803 [ERROR] LogOutputStream:75 - [STDERR_REDIRECT] 	at java.desktop/java.beans.PropertyChangeSupport.fire(PropertyChangeSupport.java:343)
2025-07-02 22:01:22,806 [ERROR] LogOutputStream:75 - [STDERR_REDIRECT] 	at java.desktop/java.beans.PropertyChangeSupport.firePropertyChange(PropertyChangeSupport.java:335)
2025-07-02 22:01:22,807 [ERROR] LogOutputStream:75 - [STDERR_REDIRECT] 	at java.desktop/java.beans.PropertyChangeSupport.firePropertyChange(PropertyChangeSupport.java:268)
2025-07-02 22:01:22,808 [ERROR] LogOutputStream:75 - [STDERR_REDIRECT] 	at com.st.microxplorer.util.MXPropertyChangeSupport.firePropertyChange(MXPropertyChangeSupport.java:54)
2025-07-02 22:01:22,809 [ERROR] LogOutputStream:75 - [STDERR_REDIRECT] 	at com.st.microxplorer.mxsystem.MxSystem.firePropertyChange(MxSystem.java:357)
2025-07-02 22:01:22,810 [ERROR] LogOutputStream:75 - [STDERR_REDIRECT] 	at com.st.microxplorer.plugins.pinoutconfig.guiV5.PeripheralsSelectionPanel.selectIP(PeripheralsSelectionPanel.java:409)
2025-07-02 22:01:22,811 [ERROR] LogOutputStream:75 - [STDERR_REDIRECT] 	at com.st.microxplorer.plugins.pinoutconfig.guiV5.PeripheralsListListener.mouseClicked(PeripheralsListListener.java:103)
2025-07-02 22:01:22,812 [ERROR] LogOutputStream:75 - [STDERR_REDIRECT] 	at java.desktop/java.awt.AWTEventMulticaster.mouseClicked(AWTEventMulticaster.java:278)
2025-07-02 22:01:22,813 [ERROR] LogOutputStream:75 - [STDERR_REDIRECT] 	at java.desktop/java.awt.Component.processMouseEvent(Component.java:6624)
2025-07-02 22:01:22,815 [ERROR] LogOutputStream:75 - [STDERR_REDIRECT] 	at java.desktop/javax.swing.JComponent.processMouseEvent(JComponent.java:3398)
2025-07-02 22:01:22,815 [ERROR] LogOutputStream:75 - [STDERR_REDIRECT] 	at java.desktop/java.awt.Component.processEvent(Component.java:6386)
2025-07-02 22:01:22,816 [ERROR] LogOutputStream:75 - [STDERR_REDIRECT] 	at java.desktop/java.awt.Container.processEvent(Container.java:2266)
2025-07-02 22:01:22,817 [ERROR] LogOutputStream:75 - [STDERR_REDIRECT] 	at java.desktop/java.awt.Component.dispatchEventImpl(Component.java:4996)
2025-07-02 22:01:22,819 [ERROR] LogOutputStream:75 - [STDERR_REDIRECT] 	at java.desktop/java.awt.Container.dispatchEventImpl(Container.java:2324)
2025-07-02 22:01:22,820 [ERROR] LogOutputStream:75 - [STDERR_REDIRECT] 	at java.desktop/java.awt.Component.dispatchEvent(Component.java:4828)
2025-07-02 22:01:22,821 [ERROR] LogOutputStream:75 - [STDERR_REDIRECT] 	at java.desktop/java.awt.LightweightDispatcher.retargetMouseEvent(Container.java:4948)
2025-07-02 22:01:22,822 [ERROR] LogOutputStream:75 - [STDERR_REDIRECT] 	at java.desktop/java.awt.LightweightDispatcher.processMouseEvent(Container.java:4584)
2025-07-02 22:01:22,822 [ERROR] LogOutputStream:75 - [STDERR_REDIRECT] 	at java.desktop/java.awt.LightweightDispatcher.dispatchEvent(Container.java:4516)
2025-07-02 22:01:22,824 [ERROR] LogOutputStream:75 - [STDERR_REDIRECT] 	at java.desktop/java.awt.Container.dispatchEventImpl(Container.java:2310)
2025-07-02 22:01:22,824 [ERROR] LogOutputStream:75 - [STDERR_REDIRECT] 	at java.desktop/java.awt.Component.dispatchEvent(Component.java:4828)
2025-07-02 22:01:22,825 [ERROR] LogOutputStream:75 - [STDERR_REDIRECT] 	at java.desktop/java.awt.EventQueue.dispatchEventImpl(EventQueue.java:775)
2025-07-02 22:01:22,826 [ERROR] LogOutputStream:75 - [STDERR_REDIRECT] 	at java.desktop/java.awt.EventQueue$4.run(EventQueue.java:720)
2025-07-02 22:01:22,827 [ERROR] LogOutputStream:75 - [STDERR_REDIRECT] 	at java.desktop/java.awt.EventQueue$4.run(EventQueue.java:714)
2025-07-02 22:01:22,828 [ERROR] LogOutputStream:75 - [STDERR_REDIRECT] 	at java.base/java.security.AccessController.doPrivileged(AccessController.java:400)
2025-07-02 22:01:22,829 [ERROR] LogOutputStream:75 - [STDERR_REDIRECT] 	at java.base/java.security.ProtectionDomain$JavaSecurityAccessImpl.doIntersectionPrivilege(ProtectionDomain.java:87)
2025-07-02 22:01:22,830 [ERROR] LogOutputStream:75 - [STDERR_REDIRECT] 	at java.base/java.security.ProtectionDomain$JavaSecurityAccessImpl.doIntersectionPrivilege(ProtectionDomain.java:98)
2025-07-02 22:01:22,831 [ERROR] LogOutputStream:75 - [STDERR_REDIRECT] 	at java.desktop/java.awt.EventQueue$5.run(EventQueue.java:747)
2025-07-02 22:01:22,832 [ERROR] LogOutputStream:75 - [STDERR_REDIRECT] 	at java.desktop/java.awt.EventQueue$5.run(EventQueue.java:745)
2025-07-02 22:01:22,833 [ERROR] LogOutputStream:75 - [STDERR_REDIRECT] 	at java.base/java.security.AccessController.doPrivileged(AccessController.java:400)
2025-07-02 22:01:22,833 [ERROR] LogOutputStream:75 - [STDERR_REDIRECT] 	at java.base/java.security.ProtectionDomain$JavaSecurityAccessImpl.doIntersectionPrivilege(ProtectionDomain.java:87)
2025-07-02 22:01:22,836 [ERROR] LogOutputStream:75 - [STDERR_REDIRECT] 	at java.desktop/java.awt.EventQueue.dispatchEvent(EventQueue.java:744)
2025-07-02 22:01:22,837 [ERROR] LogOutputStream:75 - [STDERR_REDIRECT] 	at java.desktop/java.awt.EventDispatchThread.pumpOneEventForFilters(EventDispatchThread.java:203)
2025-07-02 22:01:22,838 [ERROR] LogOutputStream:75 - [STDERR_REDIRECT] 	at java.desktop/java.awt.EventDispatchThread.pumpEventsForFilter(EventDispatchThread.java:124)
2025-07-02 22:01:22,839 [ERROR] LogOutputStream:75 - [STDERR_REDIRECT] 	at java.desktop/java.awt.EventDispatchThread.pumpEventsForHierarchy(EventDispatchThread.java:113)
2025-07-02 22:01:22,840 [ERROR] LogOutputStream:75 - [STDERR_REDIRECT] 	at java.desktop/java.awt.EventDispatchThread.pumpEvents(EventDispatchThread.java:109)
2025-07-02 22:01:22,842 [ERROR] LogOutputStream:75 - [STDERR_REDIRECT] 	at java.desktop/java.awt.EventDispatchThread.pumpEvents(EventDispatchThread.java:101)
2025-07-02 22:01:22,843 [ERROR] LogOutputStream:75 - [STDERR_REDIRECT] 	at java.desktop/java.awt.EventDispatchThread.run(EventDispatchThread.java:90)
2025-07-02 22:01:22,847 [ERROR] LogOutputStream:75 - [STDERR_REDIRECT] java.lang.Error: no ComponentUI class for: com.st.microxplorer.plugins.ip.nvic.CheckBoxHeader[,0,0,0x0,invalid,alignmentX=0.0,alignmentY=0.0,border=,flags=0,maximumSize=,minimumSize=,preferredSize=,defaultIcon=,disabledIcon=,disabledSelectedIcon=,margin=null,paintBorder=true,paintFocus=true,pressedIcon=,rolloverEnabled=false,rolloverIcon=,rolloverSelectedIcon=,selectedIcon=,text=]
2025-07-02 22:01:22,848 [ERROR] LogOutputStream:75 - [STDERR_REDIRECT] 	at java.desktop/javax.swing.UIDefaults.getUIError(UIDefaults.java:763)
2025-07-02 22:01:22,849 [ERROR] LogOutputStream:75 - [STDERR_REDIRECT] 	at java.desktop/javax.swing.MultiUIDefaults.getUIError(MultiUIDefaults.java:144)
2025-07-02 22:01:22,856 [ERROR] LogOutputStream:75 - [STDERR_REDIRECT] 	at java.desktop/javax.swing.UIDefaults.getUI(UIDefaults.java:793)
2025-07-02 22:01:22,857 [ERROR] LogOutputStream:75 - [STDERR_REDIRECT] 	at java.desktop/javax.swing.UIManager.getUI(UIManager.java:1070)
2025-07-02 22:01:22,858 [ERROR] LogOutputStream:75 - [STDERR_REDIRECT] 	at java.desktop/javax.swing.JCheckBox.updateUI(JCheckBox.java:228)
2025-07-02 22:01:22,859 [ERROR] LogOutputStream:75 - [STDERR_REDIRECT] 	at java.desktop/javax.swing.AbstractButton.init(AbstractButton.java:2141)
2025-07-02 22:01:22,860 [ERROR] LogOutputStream:75 - [STDERR_REDIRECT] 	at java.desktop/javax.swing.JToggleButton.<init>(JToggleButton.java:187)
2025-07-02 22:01:22,860 [ERROR] LogOutputStream:75 - [STDERR_REDIRECT] 	at java.desktop/javax.swing.JCheckBox.<init>(JCheckBox.java:176)
2025-07-02 22:01:22,862 [ERROR] LogOutputStream:75 - [STDERR_REDIRECT] 	at java.desktop/javax.swing.JCheckBox.<init>(JCheckBox.java:97)
2025-07-02 22:01:22,862 [ERROR] LogOutputStream:75 - [STDERR_REDIRECT] 	at com.st.microxplorer.plugins.ip.nvic.CheckBoxHeader.<init>(CheckBoxHeader.java:55)
2025-07-02 22:01:22,863 [ERROR] LogOutputStream:75 - [STDERR_REDIRECT] 	at com.st.microxplorer.plugins.ip.nvic.NvicCodeSelectionTable.<init>(NvicCodeSelectionTable.java:78)
2025-07-02 22:01:22,865 [ERROR] LogOutputStream:75 - [STDERR_REDIRECT] 	at com.st.microxplorer.plugins.ip.nvic.NvicCodePanel.initComponents(NvicCodePanel.java:102)
2025-07-02 22:01:22,866 [ERROR] LogOutputStream:75 - [STDERR_REDIRECT] 	at com.st.microxplorer.plugins.ip.nvic.NvicCodePanel.<init>(NvicCodePanel.java:78)
2025-07-02 22:01:22,867 [ERROR] LogOutputStream:75 - [STDERR_REDIRECT] 	at com.st.microxplorer.plugins.ip.nvic.NvicTabbedPanel.<init>(NvicTabbedPanel.java:57)
2025-07-02 22:01:22,868 [ERROR] LogOutputStream:75 - [STDERR_REDIRECT] 	at com.st.microxplorer.plugins.ip.nvic.Nvic.getUI(Nvic.java:73)
2025-07-02 22:01:22,869 [ERROR] LogOutputStream:75 - [STDERR_REDIRECT] 	at com.st.microxplorer.plugins.ipmanager.gui.BlockDiagram.createIpPanel(BlockDiagram.java:402)
2025-07-02 22:01:22,869 [ERROR] LogOutputStream:75 - [STDERR_REDIRECT] 	at com.st.microxplorer.plugins.ipmanager.gui.BlockDiagram.getIPConfigPanel(BlockDiagram.java:552)
2025-07-02 22:01:22,870 [ERROR] LogOutputStream:75 - [STDERR_REDIRECT] 	at com.st.microxplorer.plugins.ipmanager.gui.BlockDiagram.getIPConfigPanel(BlockDiagram.java:458)
2025-07-02 22:01:22,871 [ERROR] LogOutputStream:75 - [STDERR_REDIRECT] 	at com.st.microxplorer.plugins.ipmanager.gui.BlockDiagram.propertyChange(BlockDiagram.java:1389)
2025-07-02 22:01:22,872 [ERROR] LogOutputStream:75 - [STDERR_REDIRECT] 	at java.desktop/java.beans.PropertyChangeSupport.fire(PropertyChangeSupport.java:343)
2025-07-02 22:01:22,874 [ERROR] LogOutputStream:75 - [STDERR_REDIRECT] 	at java.desktop/java.beans.PropertyChangeSupport.firePropertyChange(PropertyChangeSupport.java:335)
2025-07-02 22:01:22,875 [ERROR] LogOutputStream:75 - [STDERR_REDIRECT] 	at java.desktop/java.beans.PropertyChangeSupport.firePropertyChange(PropertyChangeSupport.java:268)
2025-07-02 22:01:22,876 [ERROR] LogOutputStream:75 - [STDERR_REDIRECT] 	at com.st.microxplorer.util.MXPropertyChangeSupport.firePropertyChange(MXPropertyChangeSupport.java:54)
2025-07-02 22:01:22,877 [ERROR] LogOutputStream:75 - [STDERR_REDIRECT] 	at com.st.microxplorer.mxsystem.MxSystem.firePropertyChange(MxSystem.java:357)
2025-07-02 22:01:22,878 [ERROR] LogOutputStream:75 - [STDERR_REDIRECT] 	at com.st.microxplorer.plugins.pinoutconfig.guiV5.PeripheralsSelectionPanel.selectIP(PeripheralsSelectionPanel.java:409)
2025-07-02 22:01:22,879 [ERROR] LogOutputStream:75 - [STDERR_REDIRECT] 	at com.st.microxplorer.plugins.pinoutconfig.guiV5.PeripheralsListListener.mouseClicked(PeripheralsListListener.java:103)
2025-07-02 22:01:22,880 [ERROR] LogOutputStream:75 - [STDERR_REDIRECT] 	at java.desktop/java.awt.AWTEventMulticaster.mouseClicked(AWTEventMulticaster.java:278)
2025-07-02 22:01:22,881 [ERROR] LogOutputStream:75 - [STDERR_REDIRECT] 	at java.desktop/java.awt.Component.processMouseEvent(Component.java:6624)
2025-07-02 22:01:22,882 [ERROR] LogOutputStream:75 - [STDERR_REDIRECT] 	at java.desktop/javax.swing.JComponent.processMouseEvent(JComponent.java:3398)
2025-07-02 22:01:22,883 [ERROR] LogOutputStream:75 - [STDERR_REDIRECT] 	at java.desktop/java.awt.Component.processEvent(Component.java:6386)
2025-07-02 22:01:22,883 [ERROR] LogOutputStream:75 - [STDERR_REDIRECT] 	at java.desktop/java.awt.Container.processEvent(Container.java:2266)
2025-07-02 22:01:22,885 [ERROR] LogOutputStream:75 - [STDERR_REDIRECT] 	at java.desktop/java.awt.Component.dispatchEventImpl(Component.java:4996)
2025-07-02 22:01:22,886 [ERROR] LogOutputStream:75 - [STDERR_REDIRECT] 	at java.desktop/java.awt.Container.dispatchEventImpl(Container.java:2324)
2025-07-02 22:01:22,887 [ERROR] LogOutputStream:75 - [STDERR_REDIRECT] 	at java.desktop/java.awt.Component.dispatchEvent(Component.java:4828)
2025-07-02 22:01:22,888 [ERROR] LogOutputStream:75 - [STDERR_REDIRECT] 	at java.desktop/java.awt.LightweightDispatcher.retargetMouseEvent(Container.java:4948)
2025-07-02 22:01:22,889 [ERROR] LogOutputStream:75 - [STDERR_REDIRECT] 	at java.desktop/java.awt.LightweightDispatcher.processMouseEvent(Container.java:4584)
2025-07-02 22:01:22,889 [ERROR] LogOutputStream:75 - [STDERR_REDIRECT] 	at java.desktop/java.awt.LightweightDispatcher.dispatchEvent(Container.java:4516)
2025-07-02 22:01:22,890 [ERROR] LogOutputStream:75 - [STDERR_REDIRECT] 	at java.desktop/java.awt.Container.dispatchEventImpl(Container.java:2310)
2025-07-02 22:01:22,891 [ERROR] LogOutputStream:75 - [STDERR_REDIRECT] 	at java.desktop/java.awt.Component.dispatchEvent(Component.java:4828)
2025-07-02 22:01:22,891 [ERROR] LogOutputStream:75 - [STDERR_REDIRECT] 	at java.desktop/java.awt.EventQueue.dispatchEventImpl(EventQueue.java:775)
2025-07-02 22:01:22,892 [ERROR] LogOutputStream:75 - [STDERR_REDIRECT] 	at java.desktop/java.awt.EventQueue$4.run(EventQueue.java:720)
2025-07-02 22:01:22,893 [ERROR] LogOutputStream:75 - [STDERR_REDIRECT] 	at java.desktop/java.awt.EventQueue$4.run(EventQueue.java:714)
2025-07-02 22:01:22,894 [ERROR] LogOutputStream:75 - [STDERR_REDIRECT] 	at java.base/java.security.AccessController.doPrivileged(AccessController.java:400)
2025-07-02 22:01:22,896 [ERROR] LogOutputStream:75 - [STDERR_REDIRECT] 	at java.base/java.security.ProtectionDomain$JavaSecurityAccessImpl.doIntersectionPrivilege(ProtectionDomain.java:87)
2025-07-02 22:01:22,897 [ERROR] LogOutputStream:75 - [STDERR_REDIRECT] 	at java.base/java.security.ProtectionDomain$JavaSecurityAccessImpl.doIntersectionPrivilege(ProtectionDomain.java:98)
2025-07-02 22:01:22,898 [ERROR] LogOutputStream:75 - [STDERR_REDIRECT] 	at java.desktop/java.awt.EventQueue$5.run(EventQueue.java:747)
2025-07-02 22:01:22,898 [ERROR] LogOutputStream:75 - [STDERR_REDIRECT] 	at java.desktop/java.awt.EventQueue$5.run(EventQueue.java:745)
2025-07-02 22:01:22,899 [ERROR] LogOutputStream:75 - [STDERR_REDIRECT] 	at java.base/java.security.AccessController.doPrivileged(AccessController.java:400)
2025-07-02 22:01:22,900 [ERROR] LogOutputStream:75 - [STDERR_REDIRECT] 	at java.base/java.security.ProtectionDomain$JavaSecurityAccessImpl.doIntersectionPrivilege(ProtectionDomain.java:87)
2025-07-02 22:01:22,901 [ERROR] LogOutputStream:75 - [STDERR_REDIRECT] 	at java.desktop/java.awt.EventQueue.dispatchEvent(EventQueue.java:744)
2025-07-02 22:01:22,902 [ERROR] LogOutputStream:75 - [STDERR_REDIRECT] 	at java.desktop/java.awt.EventDispatchThread.pumpOneEventForFilters(EventDispatchThread.java:203)
2025-07-02 22:01:22,903 [ERROR] LogOutputStream:75 - [STDERR_REDIRECT] 	at java.desktop/java.awt.EventDispatchThread.pumpEventsForFilter(EventDispatchThread.java:124)
2025-07-02 22:01:22,904 [ERROR] LogOutputStream:75 - [STDERR_REDIRECT] 	at java.desktop/java.awt.EventDispatchThread.pumpEventsForHierarchy(EventDispatchThread.java:113)
2025-07-02 22:01:22,904 [ERROR] LogOutputStream:75 - [STDERR_REDIRECT] 	at java.desktop/java.awt.EventDispatchThread.pumpEvents(EventDispatchThread.java:109)
2025-07-02 22:01:22,905 [ERROR] LogOutputStream:75 - [STDERR_REDIRECT] 	at java.desktop/java.awt.EventDispatchThread.pumpEvents(EventDispatchThread.java:101)
2025-07-02 22:01:22,906 [ERROR] LogOutputStream:75 - [STDERR_REDIRECT] 	at java.desktop/java.awt.EventDispatchThread.run(EventDispatchThread.java:90)
2025-07-02 22:43:40,163 [ERROR] LogOutputStream:75 - [STDERR_REDIRECT] 
